Row,Column,Well,WellN,Set,Combo,Plate,WellID,Input,RandN,Enzyme
A,1,A1,1,1,ComboA,1A,1A.1,1_H,1,HPA
B,1,B1,2,1,ComboA,1A,1A.2,2_H,2,HPA
C,1,C1,3,1,ComboA,1A,1A.3,3_H,3,HPA
D,1,D1,4,1,ComboA,1A,1A.4,4_H,4,HPA
E,1,E1,5,1,ComboA,1A,1A.5,1_M,1,MSP
F,1,F1,6,1,ComboA,1A,1A.6,2_M,2,MSP
G,1,G1,7,1,ComboA,1A,1A.7,3_M,3,MSP
H,1,H1,8,1,ComboA,1A,1A.8,4_M,4,MSP
A,2,A2,9,1,ComboA,1A,1A.9,5_H,5,HPA
B,2,B2,10,1,ComboA,1A,1A.10,6_H,6,HPA
C,2,C2,11,1,ComboA,1A,1A.11,7_H,7,HPA
D,2,D2,12,1,ComboA,1A,1A.12,8_H,8,HPA
E,2,E2,13,1,ComboA,1A,1A.13,5_M,5,MSP
F,2,F2,14,1,ComboA,1A,1A.14,6_M,6,MSP
G,2,G2,15,1,ComboA,1A,1A.15,7_M,7,MSP
H,2,H2,16,1,ComboA,1A,1A.16,8_M,8,MSP
A,3,A3,17,1,ComboA,1A,1A.17,9_H,9,HPA
B,3,B3,18,1,ComboA,1A,1A.18,10_H,10,HPA
C,3,C3,19,1,ComboA,1A,1A.19,11_H,11,HPA
D,3,D3,20,1,ComboA,1A,1A.20,12_H,12,HPA
E,3,E3,21,1,ComboA,1A,1A.21,9_M,9,MSP
F,3,F3,22,1,ComboA,1A,1A.22,10_M,10,MSP
G,3,G3,23,1,ComboA,1A,1A.23,11_M,11,MSP
H,3,H3,24,1,ComboA,1A,1A.24,12_M,12,MSP
A,4,A4,25,1,ComboA,1A,1A.25,13_H,13,HPA
B,4,B4,26,1,ComboA,1A,1A.26,14_H,14,HPA
C,4,C4,27,1,ComboA,1A,1A.27,15_H,15,HPA
D,4,D4,28,1,ComboA,1A,1A.28,16_H,16,HPA
E,4,E4,29,1,ComboA,1A,1A.29,13_M,13,MSP
F,4,F4,30,1,ComboA,1A,1A.30,14_M,14,MSP
G,4,G4,31,1,ComboA,1A,1A.31,15_M,15,MSP
H,4,H4,32,1,ComboA,1A,1A.32,16_M,16,MSP
A,5,A5,33,1,ComboA,1A,1A.33,17_H,17,HPA
B,5,B5,34,1,ComboA,1A,1A.34,18_H,18,HPA
C,5,C5,35,1,ComboA,1A,1A.35,19_H,19,HPA
D,5,D5,36,1,ComboA,1A,1A.36,20_H,20,HPA
E,5,E5,37,1,ComboA,1A,1A.37,17_M,17,MSP
F,5,F5,38,1,ComboA,1A,1A.38,18_M,18,MSP
G,5,G5,39,1,ComboA,1A,1A.39,19_M,19,MSP
H,5,H5,40,1,ComboA,1A,1A.40,20_M,20,MSP
A,6,A6,41,1,ComboA,1A,1A.41,21_H,21,HPA
B,6,B6,42,1,ComboA,1A,1A.42,22_H,22,HPA
C,6,C6,43,1,ComboA,1A,1A.43,23_H,23,HPA
D,6,D6,44,1,ComboA,1A,1A.44,24_H,24,HPA
E,6,E6,45,1,ComboA,1A,1A.45,21_M,21,MSP
F,6,F6,46,1,ComboA,1A,1A.46,22_M,22,MSP
G,6,G6,47,1,ComboA,1A,1A.47,23_M,23,MSP
H,6,H6,48,1,ComboA,1A,1A.48,24_M,24,MSP
A,7,A7,49,1,ComboA,1A,1A.49,25_H,25,HPA
B,7,B7,50,1,ComboA,1A,1A.50,26_H,26,HPA
C,7,C7,51,1,ComboA,1A,1A.51,27_H,27,HPA
D,7,D7,52,1,ComboA,1A,1A.52,28_H,28,HPA
E,7,E7,53,1,ComboA,1A,1A.53,25_M,25,MSP
F,7,F7,54,1,ComboA,1A,1A.54,26_M,26,MSP
G,7,G7,55,1,ComboA,1A,1A.55,27_M,27,MSP
H,7,H7,56,1,ComboA,1A,1A.56,28_M,28,MSP
A,8,A8,57,1,ComboA,1A,1A.57,29_H,29,HPA
B,8,B8,58,1,ComboA,1A,1A.58,30_H,30,HPA
C,8,C8,59,1,ComboA,1A,1A.59,31_H,31,HPA
D,8,D8,60,1,ComboA,1A,1A.60,32_H,32,HPA
E,8,E8,61,1,ComboA,1A,1A.61,29_M,29,MSP
F,8,F8,62,1,ComboA,1A,1A.62,30_M,30,MSP
G,8,G8,63,1,ComboA,1A,1A.63,31_M,31,MSP
H,8,H8,64,1,ComboA,1A,1A.64,32_M,32,MSP
A,9,A9,65,1,ComboA,1A,1A.65,33_H,33,HPA
B,9,B9,66,1,ComboA,1A,1A.66,34_H,34,HPA
C,9,C9,67,1,ComboA,1A,1A.67,35_H,35,HPA
D,9,D9,68,1,ComboA,1A,1A.68,36_H,36,HPA
E,9,E9,69,1,ComboA,1A,1A.69,33_M,33,MSP
F,9,F9,70,1,ComboA,1A,1A.70,34_M,34,MSP
G,9,G9,71,1,ComboA,1A,1A.71,35_M,35,MSP
H,9,H9,72,1,ComboA,1A,1A.72,36_M,36,MSP
A,10,A10,73,1,ComboA,1A,1A.73,37_H,37,HPA
B,10,B10,74,1,ComboA,1A,1A.74,38_H,38,HPA
C,10,C10,75,1,ComboA,1A,1A.75,39_H,39,HPA
D,10,D10,76,1,ComboA,1A,1A.76,40_H,40,HPA
E,10,E10,77,1,ComboA,1A,1A.77,37_M,37,MSP
F,10,F10,78,1,ComboA,1A,1A.78,38_M,38,MSP
G,10,G10,79,1,ComboA,1A,1A.79,39_M,39,MSP
H,10,H10,80,1,ComboA,1A,1A.80,40_M,40,MSP
A,11,A11,81,1,ComboA,1A,1A.81,41_H,41,HPA
B,11,B11,82,1,ComboA,1A,1A.82,42_H,42,HPA
C,11,C11,83,1,ComboA,1A,1A.83,43_H,43,HPA
D,11,D11,84,1,ComboA,1A,1A.84,44_H,44,HPA
E,11,E11,85,1,ComboA,1A,1A.85,41_M,41,MSP
F,11,F11,86,1,ComboA,1A,1A.86,42_M,42,MSP
G,11,G11,87,1,ComboA,1A,1A.87,43_M,43,MSP
H,11,H11,88,1,ComboA,1A,1A.88,44_M,44,MSP
A,12,A12,89,1,ComboA,1A,1A.89,45_H,45,HPA
B,12,B12,90,1,ComboA,1A,1A.90,46_H,46,HPA
C,12,C12,91,1,ComboA,1A,1A.91,47_H,47,HPA
D,12,D12,92,1,ComboA,1A,1A.92,48_H,48,HPA
E,12,E12,93,1,ComboA,1A,1A.93,45_M,45,MSP
F,12,F12,94,1,ComboA,1A,1A.94,46_M,46,MSP
G,12,G12,95,1,ComboA,1A,1A.95,47_M,47,MSP
H,12,H12,96,1,ComboA,1A,1A.96,48_M,48,MSP
A,1,A1,1,1,ComboB,1B,1B.1,1_H,1,HPA
B,1,B1,2,1,ComboB,1B,1B.2,2_H,2,HPA
C,1,C1,3,1,ComboB,1B,1B.3,3_H,3,HPA
D,1,D1,4,1,ComboB,1B,1B.4,4_H,4,HPA
E,1,E1,5,1,ComboB,1B,1B.5,1_M,1,MSP
F,1,F1,6,1,ComboB,1B,1B.6,2_M,2,MSP
G,1,G1,7,1,ComboB,1B,1B.7,3_M,3,MSP
H,1,H1,8,1,ComboB,1B,1B.8,4_M,4,MSP
A,2,A2,9,1,ComboB,1B,1B.9,5_H,5,HPA
B,2,B2,10,1,ComboB,1B,1B.10,6_H,6,HPA
C,2,C2,11,1,ComboB,1B,1B.11,7_H,7,HPA
D,2,D2,12,1,ComboB,1B,1B.12,8_H,8,HPA
E,2,E2,13,1,ComboB,1B,1B.13,5_M,5,MSP
F,2,F2,14,1,ComboB,1B,1B.14,6_M,6,MSP
G,2,G2,15,1,ComboB,1B,1B.15,7_M,7,MSP
H,2,H2,16,1,ComboB,1B,1B.16,8_M,8,MSP
A,3,A3,17,1,ComboB,1B,1B.17,9_H,9,HPA
B,3,B3,18,1,ComboB,1B,1B.18,10_H,10,HPA
C,3,C3,19,1,ComboB,1B,1B.19,11_H,11,HPA
D,3,D3,20,1,ComboB,1B,1B.20,12_H,12,HPA
E,3,E3,21,1,ComboB,1B,1B.21,9_M,9,MSP
F,3,F3,22,1,ComboB,1B,1B.22,10_M,10,MSP
G,3,G3,23,1,ComboB,1B,1B.23,11_M,11,MSP
H,3,H3,24,1,ComboB,1B,1B.24,12_M,12,MSP
A,4,A4,25,1,ComboB,1B,1B.25,13_H,13,HPA
B,4,B4,26,1,ComboB,1B,1B.26,14_H,14,HPA
C,4,C4,27,1,ComboB,1B,1B.27,15_H,15,HPA
D,4,D4,28,1,ComboB,1B,1B.28,16_H,16,HPA
E,4,E4,29,1,ComboB,1B,1B.29,13_M,13,MSP
F,4,F4,30,1,ComboB,1B,1B.30,14_M,14,MSP
G,4,G4,31,1,ComboB,1B,1B.31,15_M,15,MSP
H,4,H4,32,1,ComboB,1B,1B.32,16_M,16,MSP
A,5,A5,33,1,ComboB,1B,1B.33,17_H,17,HPA
B,5,B5,34,1,ComboB,1B,1B.34,18_H,18,HPA
C,5,C5,35,1,ComboB,1B,1B.35,19_H,19,HPA
D,5,D5,36,1,ComboB,1B,1B.36,20_H,20,HPA
E,5,E5,37,1,ComboB,1B,1B.37,17_M,17,MSP
F,5,F5,38,1,ComboB,1B,1B.38,18_M,18,MSP
G,5,G5,39,1,ComboB,1B,1B.39,19_M,19,MSP
H,5,H5,40,1,ComboB,1B,1B.40,20_M,20,MSP
A,6,A6,41,1,ComboB,1B,1B.41,21_H,21,HPA
B,6,B6,42,1,ComboB,1B,1B.42,22_H,22,HPA
C,6,C6,43,1,ComboB,1B,1B.43,23_H,23,HPA
D,6,D6,44,1,ComboB,1B,1B.44,24_H,24,HPA
E,6,E6,45,1,ComboB,1B,1B.45,21_M,21,MSP
F,6,F6,46,1,ComboB,1B,1B.46,22_M,22,MSP
G,6,G6,47,1,ComboB,1B,1B.47,23_M,23,MSP
H,6,H6,48,1,ComboB,1B,1B.48,24_M,24,MSP
A,7,A7,49,1,ComboB,1B,1B.49,25_H,25,HPA
B,7,B7,50,1,ComboB,1B,1B.50,26_H,26,HPA
C,7,C7,51,1,ComboB,1B,1B.51,27_H,27,HPA
D,7,D7,52,1,ComboB,1B,1B.52,28_H,28,HPA
E,7,E7,53,1,ComboB,1B,1B.53,25_M,25,MSP
F,7,F7,54,1,ComboB,1B,1B.54,26_M,26,MSP
G,7,G7,55,1,ComboB,1B,1B.55,27_M,27,MSP
H,7,H7,56,1,ComboB,1B,1B.56,28_M,28,MSP
A,8,A8,57,1,ComboB,1B,1B.57,29_H,29,HPA
B,8,B8,58,1,ComboB,1B,1B.58,30_H,30,HPA
C,8,C8,59,1,ComboB,1B,1B.59,31_H,31,HPA
D,8,D8,60,1,ComboB,1B,1B.60,32_H,32,HPA
E,8,E8,61,1,ComboB,1B,1B.61,29_M,29,MSP
F,8,F8,62,1,ComboB,1B,1B.62,30_M,30,MSP
G,8,G8,63,1,ComboB,1B,1B.63,31_M,31,MSP
H,8,H8,64,1,ComboB,1B,1B.64,32_M,32,MSP
A,9,A9,65,1,ComboB,1B,1B.65,33_H,33,HPA
B,9,B9,66,1,ComboB,1B,1B.66,34_H,34,HPA
C,9,C9,67,1,ComboB,1B,1B.67,35_H,35,HPA
D,9,D9,68,1,ComboB,1B,1B.68,36_H,36,HPA
E,9,E9,69,1,ComboB,1B,1B.69,33_M,33,MSP
F,9,F9,70,1,ComboB,1B,1B.70,34_M,34,MSP
G,9,G9,71,1,ComboB,1B,1B.71,35_M,35,MSP
H,9,H9,72,1,ComboB,1B,1B.72,36_M,36,MSP
A,10,A10,73,1,ComboB,1B,1B.73,37_H,37,HPA
B,10,B10,74,1,ComboB,1B,1B.74,38_H,38,HPA
C,10,C10,75,1,ComboB,1B,1B.75,39_H,39,HPA
D,10,D10,76,1,ComboB,1B,1B.76,40_H,40,HPA
E,10,E10,77,1,ComboB,1B,1B.77,37_M,37,MSP
F,10,F10,78,1,ComboB,1B,1B.78,38_M,38,MSP
G,10,G10,79,1,ComboB,1B,1B.79,39_M,39,MSP
H,10,H10,80,1,ComboB,1B,1B.80,40_M,40,MSP
A,11,A11,81,1,ComboB,1B,1B.81,41_H,41,HPA
B,11,B11,82,1,ComboB,1B,1B.82,42_H,42,HPA
C,11,C11,83,1,ComboB,1B,1B.83,43_H,43,HPA
D,11,D11,84,1,ComboB,1B,1B.84,44_H,44,HPA
E,11,E11,85,1,ComboB,1B,1B.85,41_M,41,MSP
F,11,F11,86,1,ComboB,1B,1B.86,42_M,42,MSP
G,11,G11,87,1,ComboB,1B,1B.87,43_M,43,MSP
H,11,H11,88,1,ComboB,1B,1B.88,44_M,44,MSP
A,12,A12,89,1,ComboB,1B,1B.89,45_H,45,HPA
B,12,B12,90,1,ComboB,1B,1B.90,46_H,46,HPA
C,12,C12,91,1,ComboB,1B,1B.91,47_H,47,HPA
D,12,D12,92,1,ComboB,1B,1B.92,48_H,48,HPA
E,12,E12,93,1,ComboB,1B,1B.93,45_M,45,MSP
F,12,F12,94,1,ComboB,1B,1B.94,46_M,46,MSP
G,12,G12,95,1,ComboB,1B,1B.95,47_M,47,MSP
H,12,H12,96,1,ComboB,1B,1B.96,48_M,48,MSP
A,1,A1,1,2,ComboA,2A,2A.1,49_H,49,HPA
B,1,B1,2,2,ComboA,2A,2A.2,50_H,50,HPA
C,1,C1,3,2,ComboA,2A,2A.3,51_H,51,HPA
D,1,D1,4,2,ComboA,2A,2A.4,52_H,52,HPA
E,1,E1,5,2,ComboA,2A,2A.5,49_M,49,MSP
F,1,F1,6,2,ComboA,2A,2A.6,50_M,50,MSP
G,1,G1,7,2,ComboA,2A,2A.7,51_M,51,MSP
H,1,H1,8,2,ComboA,2A,2A.8,52_M,52,MSP
A,2,A2,9,2,ComboA,2A,2A.9,53_H,53,HPA
B,2,B2,10,2,ComboA,2A,2A.10,54_H,54,HPA
C,2,C2,11,2,ComboA,2A,2A.11,55_H,55,HPA
D,2,D2,12,2,ComboA,2A,2A.12,56_H,56,HPA
E,2,E2,13,2,ComboA,2A,2A.13,53_M,53,MSP
F,2,F2,14,2,ComboA,2A,2A.14,54_M,54,MSP
G,2,G2,15,2,ComboA,2A,2A.15,55_M,55,MSP
H,2,H2,16,2,ComboA,2A,2A.16,56_M,56,MSP
A,3,A3,17,2,ComboA,2A,2A.17,57_H,57,HPA
B,3,B3,18,2,ComboA,2A,2A.18,58_H,58,HPA
C,3,C3,19,2,ComboA,2A,2A.19,59_H,59,HPA
D,3,D3,20,2,ComboA,2A,2A.20,60_H,60,HPA
E,3,E3,21,2,ComboA,2A,2A.21,57_M,57,MSP
F,3,F3,22,2,ComboA,2A,2A.22,58_M,58,MSP
G,3,G3,23,2,ComboA,2A,2A.23,59_M,59,MSP
H,3,H3,24,2,ComboA,2A,2A.24,60_M,60,MSP
A,4,A4,25,2,ComboA,2A,2A.25,61_H,61,HPA
B,4,B4,26,2,ComboA,2A,2A.26,62_H,62,HPA
C,4,C4,27,2,ComboA,2A,2A.27,63_H,63,HPA
D,4,D4,28,2,ComboA,2A,2A.28,64_H,64,HPA
E,4,E4,29,2,ComboA,2A,2A.29,61_M,61,MSP
F,4,F4,30,2,ComboA,2A,2A.30,62_M,62,MSP
G,4,G4,31,2,ComboA,2A,2A.31,63_M,63,MSP
H,4,H4,32,2,ComboA,2A,2A.32,64_M,64,MSP
A,5,A5,33,2,ComboA,2A,2A.33,65_H,65,HPA
B,5,B5,34,2,ComboA,2A,2A.34,66_H,66,HPA
C,5,C5,35,2,ComboA,2A,2A.35,67_H,67,HPA
D,5,D5,36,2,ComboA,2A,2A.36,68_H,68,HPA
E,5,E5,37,2,ComboA,2A,2A.37,65_M,65,MSP
F,5,F5,38,2,ComboA,2A,2A.38,66_M,66,MSP
G,5,G5,39,2,ComboA,2A,2A.39,67_M,67,MSP
H,5,H5,40,2,ComboA,2A,2A.40,68_M,68,MSP
A,6,A6,41,2,ComboA,2A,2A.41,69_H,69,HPA
B,6,B6,42,2,ComboA,2A,2A.42,70_H,70,HPA
C,6,C6,43,2,ComboA,2A,2A.43,71_H,71,HPA
D,6,D6,44,2,ComboA,2A,2A.44,72_H,72,HPA
E,6,E6,45,2,ComboA,2A,2A.45,69_M,69,MSP
F,6,F6,46,2,ComboA,2A,2A.46,70_M,70,MSP
G,6,G6,47,2,ComboA,2A,2A.47,71_M,71,MSP
H,6,H6,48,2,ComboA,2A,2A.48,72_M,72,MSP
A,7,A7,49,2,ComboA,2A,2A.49,73_H,73,HPA
B,7,B7,50,2,ComboA,2A,2A.50,74_H,74,HPA
C,7,C7,51,2,ComboA,2A,2A.51,75_H,75,HPA
D,7,D7,52,2,ComboA,2A,2A.52,76_H,76,HPA
E,7,E7,53,2,ComboA,2A,2A.53,73_M,73,MSP
F,7,F7,54,2,ComboA,2A,2A.54,74_M,74,MSP
G,7,G7,55,2,ComboA,2A,2A.55,75_M,75,MSP
H,7,H7,56,2,ComboA,2A,2A.56,76_M,76,MSP
A,8,A8,57,2,ComboA,2A,2A.57,77_H,77,HPA
B,8,B8,58,2,ComboA,2A,2A.58,78_H,78,HPA
C,8,C8,59,2,ComboA,2A,2A.59,79_H,79,HPA
D,8,D8,60,2,ComboA,2A,2A.60,80_H,80,HPA
E,8,E8,61,2,ComboA,2A,2A.61,77_M,77,MSP
F,8,F8,62,2,ComboA,2A,2A.62,78_M,78,MSP
G,8,G8,63,2,ComboA,2A,2A.63,79_M,79,MSP
H,8,H8,64,2,ComboA,2A,2A.64,80_M,80,MSP
A,9,A9,65,2,ComboA,2A,2A.65,81_H,81,HPA
B,9,B9,66,2,ComboA,2A,2A.66,82_H,82,HPA
C,9,C9,67,2,ComboA,2A,2A.67,83_H,83,HPA
D,9,D9,68,2,ComboA,2A,2A.68,84_H,84,HPA
E,9,E9,69,2,ComboA,2A,2A.69,81_M,81,MSP
F,9,F9,70,2,ComboA,2A,2A.70,82_M,82,MSP
G,9,G9,71,2,ComboA,2A,2A.71,83_M,83,MSP
H,9,H9,72,2,ComboA,2A,2A.72,84_M,84,MSP
A,10,A10,73,2,ComboA,2A,2A.73,85_H,85,HPA
B,10,B10,74,2,ComboA,2A,2A.74,86_H,86,HPA
C,10,C10,75,2,ComboA,2A,2A.75,87_H,87,HPA
D,10,D10,76,2,ComboA,2A,2A.76,88_H,88,HPA
E,10,E10,77,2,ComboA,2A,2A.77,85_M,85,MSP
F,10,F10,78,2,ComboA,2A,2A.78,86_M,86,MSP
G,10,G10,79,2,ComboA,2A,2A.79,87_M,87,MSP
H,10,H10,80,2,ComboA,2A,2A.80,88_M,88,MSP
A,11,A11,81,2,ComboA,2A,2A.81,89_H,89,HPA
B,11,B11,82,2,ComboA,2A,2A.82,90_H,90,HPA
C,11,C11,83,2,ComboA,2A,2A.83,91_H,91,HPA
D,11,D11,84,2,ComboA,2A,2A.84,92_H,92,HPA
E,11,E11,85,2,ComboA,2A,2A.85,89_M,89,MSP
F,11,F11,86,2,ComboA,2A,2A.86,90_M,90,MSP
G,11,G11,87,2,ComboA,2A,2A.87,91_M,91,MSP
H,11,H11,88,2,ComboA,2A,2A.88,92_M,92,MSP
A,12,A12,89,2,ComboA,2A,2A.89,93_H,93,HPA
B,12,B12,90,2,ComboA,2A,2A.90,94_H,94,HPA
C,12,C12,91,2,ComboA,2A,2A.91,95_H,95,HPA
D,12,D12,92,2,ComboA,2A,2A.92,96_H,96,HPA
E,12,E12,93,2,ComboA,2A,2A.93,93_M,93,MSP
F,12,F12,94,2,ComboA,2A,2A.94,94_M,94,MSP
G,12,G12,95,2,ComboA,2A,2A.95,95_M,95,MSP
H,12,H12,96,2,ComboA,2A,2A.96,96_M,96,MSP
A,1,A1,1,2,ComboB,2B,2B.1,49_H,49,HPA
B,1,B1,2,2,ComboB,2B,2B.2,50_H,50,HPA
C,1,C1,3,2,ComboB,2B,2B.3,51_H,51,HPA
D,1,D1,4,2,ComboB,2B,2B.4,52_H,52,HPA
E,1,E1,5,2,ComboB,2B,2B.5,49_M,49,MSP
F,1,F1,6,2,ComboB,2B,2B.6,50_M,50,MSP
G,1,G1,7,2,ComboB,2B,2B.7,51_M,51,MSP
H,1,H1,8,2,ComboB,2B,2B.8,52_M,52,MSP
A,2,A2,9,2,ComboB,2B,2B.9,53_H,53,HPA
B,2,B2,10,2,ComboB,2B,2B.10,54_H,54,HPA
C,2,C2,11,2,ComboB,2B,2B.11,55_H,55,HPA
D,2,D2,12,2,ComboB,2B,2B.12,56_H,56,HPA
E,2,E2,13,2,ComboB,2B,2B.13,53_M,53,MSP
F,2,F2,14,2,ComboB,2B,2B.14,54_M,54,MSP
G,2,G2,15,2,ComboB,2B,2B.15,55_M,55,MSP
H,2,H2,16,2,ComboB,2B,2B.16,56_M,56,MSP
A,3,A3,17,2,ComboB,2B,2B.17,57_H,57,HPA
B,3,B3,18,2,ComboB,2B,2B.18,58_H,58,HPA
C,3,C3,19,2,ComboB,2B,2B.19,59_H,59,HPA
D,3,D3,20,2,ComboB,2B,2B.20,60_H,60,HPA
E,3,E3,21,2,ComboB,2B,2B.21,57_M,57,MSP
F,3,F3,22,2,ComboB,2B,2B.22,58_M,58,MSP
G,3,G3,23,2,ComboB,2B,2B.23,59_M,59,MSP
H,3,H3,24,2,ComboB,2B,2B.24,60_M,60,MSP
A,4,A4,25,2,ComboB,2B,2B.25,61_H,61,HPA
B,4,B4,26,2,ComboB,2B,2B.26,62_H,62,HPA
C,4,C4,27,2,ComboB,2B,2B.27,63_H,63,HPA
D,4,D4,28,2,ComboB,2B,2B.28,64_H,64,HPA
E,4,E4,29,2,ComboB,2B,2B.29,61_M,61,MSP
F,4,F4,30,2,ComboB,2B,2B.30,62_M,62,MSP
G,4,G4,31,2,ComboB,2B,2B.31,63_M,63,MSP
H,4,H4,32,2,ComboB,2B,2B.32,64_M,64,MSP
A,5,A5,33,2,ComboB,2B,2B.33,65_H,65,HPA
B,5,B5,34,2,ComboB,2B,2B.34,66_H,66,HPA
C,5,C5,35,2,ComboB,2B,2B.35,67_H,67,HPA
D,5,D5,36,2,ComboB,2B,2B.36,68_H,68,HPA
E,5,E5,37,2,ComboB,2B,2B.37,65_M,65,MSP
F,5,F5,38,2,ComboB,2B,2B.38,66_M,66,MSP
G,5,G5,39,2,ComboB,2B,2B.39,67_M,67,MSP
H,5,H5,40,2,ComboB,2B,2B.40,68_M,68,MSP
A,6,A6,41,2,ComboB,2B,2B.41,69_H,69,HPA
B,6,B6,42,2,ComboB,2B,2B.42,70_H,70,HPA
C,6,C6,43,2,ComboB,2B,2B.43,71_H,71,HPA
D,6,D6,44,2,ComboB,2B,2B.44,72_H,72,HPA
E,6,E6,45,2,ComboB,2B,2B.45,69_M,69,MSP
F,6,F6,46,2,ComboB,2B,2B.46,70_M,70,MSP
G,6,G6,47,2,ComboB,2B,2B.47,71_M,71,MSP
H,6,H6,48,2,ComboB,2B,2B.48,72_M,72,MSP
A,7,A7,49,2,ComboB,2B,2B.49,73_H,73,HPA
B,7,B7,50,2,ComboB,2B,2B.50,74_H,74,HPA
C,7,C7,51,2,ComboB,2B,2B.51,75_H,75,HPA
D,7,D7,52,2,ComboB,2B,2B.52,76_H,76,HPA
E,7,E7,53,2,ComboB,2B,2B.53,73_M,73,MSP
F,7,F7,54,2,ComboB,2B,2B.54,74_M,74,MSP
G,7,G7,55,2,ComboB,2B,2B.55,75_M,75,MSP
H,7,H7,56,2,ComboB,2B,2B.56,76_M,76,MSP
A,8,A8,57,2,ComboB,2B,2B.57,77_H,77,HPA
B,8,B8,58,2,ComboB,2B,2B.58,78_H,78,HPA
C,8,C8,59,2,ComboB,2B,2B.59,79_H,79,HPA
D,8,D8,60,2,ComboB,2B,2B.60,80_H,80,HPA
E,8,E8,61,2,ComboB,2B,2B.61,77_M,77,MSP
F,8,F8,62,2,ComboB,2B,2B.62,78_M,78,MSP
G,8,G8,63,2,ComboB,2B,2B.63,79_M,79,MSP
H,8,H8,64,2,ComboB,2B,2B.64,80_M,80,MSP
A,9,A9,65,2,ComboB,2B,2B.65,81_H,81,HPA
B,9,B9,66,2,ComboB,2B,2B.66,82_H,82,HPA
C,9,C9,67,2,ComboB,2B,2B.67,83_H,83,HPA
D,9,D9,68,2,ComboB,2B,2B.68,84_H,84,HPA
E,9,E9,69,2,ComboB,2B,2B.69,81_M,81,MSP
F,9,F9,70,2,ComboB,2B,2B.70,82_M,82,MSP
G,9,G9,71,2,ComboB,2B,2B.71,83_M,83,MSP
H,9,H9,72,2,ComboB,2B,2B.72,84_M,84,MSP
A,10,A10,73,2,ComboB,2B,2B.73,85_H,85,HPA
B,10,B10,74,2,ComboB,2B,2B.74,86_H,86,HPA
C,10,C10,75,2,ComboB,2B,2B.75,87_H,87,HPA
D,10,D10,76,2,ComboB,2B,2B.76,88_H,88,HPA
E,10,E10,77,2,ComboB,2B,2B.77,85_M,85,MSP
F,10,F10,78,2,ComboB,2B,2B.78,86_M,86,MSP
G,10,G10,79,2,ComboB,2B,2B.79,87_M,87,MSP
H,10,H10,80,2,ComboB,2B,2B.80,88_M,88,MSP
A,11,A11,81,2,ComboB,2B,2B.81,89_H,89,HPA
B,11,B11,82,2,ComboB,2B,2B.82,90_H,90,HPA
C,11,C11,83,2,ComboB,2B,2B.83,91_H,91,HPA
D,11,D11,84,2,ComboB,2B,2B.84,92_H,92,HPA
E,11,E11,85,2,ComboB,2B,2B.85,89_M,89,MSP
F,11,F11,86,2,ComboB,2B,2B.86,90_M,90,MSP
G,11,G11,87,2,ComboB,2B,2B.87,91_M,91,MSP
H,11,H11,88,2,ComboB,2B,2B.88,92_M,92,MSP
A,12,A12,89,2,ComboB,2B,2B.89,93_H,93,HPA
B,12,B12,90,2,ComboB,2B,2B.90,94_H,94,HPA
C,12,C12,91,2,ComboB,2B,2B.91,95_H,95,HPA
D,12,D12,92,2,ComboB,2B,2B.92,96_H,96,HPA
E,12,E12,93,2,ComboB,2B,2B.93,93_M,93,MSP
F,12,F12,94,2,ComboB,2B,2B.94,94_M,94,MSP
G,12,G12,95,2,ComboB,2B,2B.95,95_M,95,MSP
H,12,H12,96,2,ComboB,2B,2B.96,96_M,96,MSP
A,1,A1,1,3,ComboA,3A,3A.1,97_H,97,HPA
B,1,B1,2,3,ComboA,3A,3A.2,98_H,98,HPA
C,1,C1,3,3,ComboA,3A,3A.3,99_H,99,HPA
D,1,D1,4,3,ComboA,3A,3A.4,100_H,100,HPA
E,1,E1,5,3,ComboA,3A,3A.5,97_M,97,MSP
F,1,F1,6,3,ComboA,3A,3A.6,98_M,98,MSP
G,1,G1,7,3,ComboA,3A,3A.7,99_M,99,MSP
H,1,H1,8,3,ComboA,3A,3A.8,100_M,100,MSP
A,2,A2,9,3,ComboA,3A,3A.9,101_H,101,HPA
B,2,B2,10,3,ComboA,3A,3A.10,102_H,102,HPA
C,2,C2,11,3,ComboA,3A,3A.11,103_H,103,HPA
D,2,D2,12,3,ComboA,3A,3A.12,104_H,104,HPA
E,2,E2,13,3,ComboA,3A,3A.13,101_M,101,MSP
F,2,F2,14,3,ComboA,3A,3A.14,102_M,102,MSP
G,2,G2,15,3,ComboA,3A,3A.15,103_M,103,MSP
H,2,H2,16,3,ComboA,3A,3A.16,104_M,104,MSP
A,3,A3,17,3,ComboA,3A,3A.17,235_H,235,HPA
B,3,B3,18,3,ComboA,3A,3A.18,106_H,106,HPA
C,3,C3,19,3,ComboA,3A,3A.19,107_H,107,HPA
D,3,D3,20,3,ComboA,3A,3A.20,108_H,108,HPA
E,3,E3,21,3,ComboA,3A,3A.21,235_M,235,MSP
F,3,F3,22,3,ComboA,3A,3A.22,106_M,106,MSP
G,3,G3,23,3,ComboA,3A,3A.23,107_M,107,MSP
H,3,H3,24,3,ComboA,3A,3A.24,108_M,108,MSP
A,4,A4,25,3,ComboA,3A,3A.25,109_H,109,HPA
B,4,B4,26,3,ComboA,3A,3A.26,110_H,110,HPA
C,4,C4,27,3,ComboA,3A,3A.27,111_H,111,HPA
D,4,D4,28,3,ComboA,3A,3A.28,112_H,112,HPA
E,4,E4,29,3,ComboA,3A,3A.29,109_M,109,MSP
F,4,F4,30,3,ComboA,3A,3A.30,110_M,110,MSP
G,4,G4,31,3,ComboA,3A,3A.31,111_M,111,MSP
H,4,H4,32,3,ComboA,3A,3A.32,112_M,112,MSP
A,5,A5,33,3,ComboA,3A,3A.33,113_H,113,HPA
B,5,B5,34,3,ComboA,3A,3A.34,114_H,114,HPA
C,5,C5,35,3,ComboA,3A,3A.35,115_H,115,HPA
D,5,D5,36,3,ComboA,3A,3A.36,116_H,116,HPA
E,5,E5,37,3,ComboA,3A,3A.37,113_M,113,MSP
F,5,F5,38,3,ComboA,3A,3A.38,114_M,114,MSP
G,5,G5,39,3,ComboA,3A,3A.39,115_M,115,MSP
H,5,H5,40,3,ComboA,3A,3A.40,116_M,116,MSP
A,6,A6,41,3,ComboA,3A,3A.41,117_H,117,HPA
B,6,B6,42,3,ComboA,3A,3A.42,118_H,118,HPA
C,6,C6,43,3,ComboA,3A,3A.43,119_H,119,HPA
D,6,D6,44,3,ComboA,3A,3A.44,120_H,120,HPA
E,6,E6,45,3,ComboA,3A,3A.45,117_M,117,MSP
F,6,F6,46,3,ComboA,3A,3A.46,118_M,118,MSP
G,6,G6,47,3,ComboA,3A,3A.47,119_M,119,MSP
H,6,H6,48,3,ComboA,3A,3A.48,120_M,120,MSP
A,7,A7,49,3,ComboA,3A,3A.49,121_H,121,HPA
B,7,B7,50,3,ComboA,3A,3A.50,122_H,122,HPA
C,7,C7,51,3,ComboA,3A,3A.51,123_H,123,HPA
D,7,D7,52,3,ComboA,3A,3A.52,124_H,124,HPA
E,7,E7,53,3,ComboA,3A,3A.53,121_M,121,MSP
F,7,F7,54,3,ComboA,3A,3A.54,122_M,122,MSP
G,7,G7,55,3,ComboA,3A,3A.55,123_M,123,MSP
H,7,H7,56,3,ComboA,3A,3A.56,124_M,124,MSP
A,8,A8,57,3,ComboA,3A,3A.57,125_H,125,HPA
B,8,B8,58,3,ComboA,3A,3A.58,126_H,126,HPA
C,8,C8,59,3,ComboA,3A,3A.59,127_H,127,HPA
D,8,D8,60,3,ComboA,3A,3A.60,128_H,128,HPA
E,8,E8,61,3,ComboA,3A,3A.61,125_M,125,MSP
F,8,F8,62,3,ComboA,3A,3A.62,126_M,126,MSP
G,8,G8,63,3,ComboA,3A,3A.63,127_M,127,MSP
H,8,H8,64,3,ComboA,3A,3A.64,128_M,128,MSP
A,9,A9,65,3,ComboA,3A,3A.65,129_H,129,HPA
B,9,B9,66,3,ComboA,3A,3A.66,130_H,130,HPA
C,9,C9,67,3,ComboA,3A,3A.67,131_H,131,HPA
D,9,D9,68,3,ComboA,3A,3A.68,132_H,132,HPA
E,9,E9,69,3,ComboA,3A,3A.69,129_M,129,MSP
F,9,F9,70,3,ComboA,3A,3A.70,130_M,130,MSP
G,9,G9,71,3,ComboA,3A,3A.71,131_M,131,MSP
H,9,H9,72,3,ComboA,3A,3A.72,132_M,132,MSP
A,10,A10,73,3,ComboA,3A,3A.73,133_H,133,HPA
B,10,B10,74,3,ComboA,3A,3A.74,134_H,134,HPA
C,10,C10,75,3,ComboA,3A,3A.75,135_H,135,HPA
D,10,D10,76,3,ComboA,3A,3A.76,136_H,136,HPA
E,10,E10,77,3,ComboA,3A,3A.77,133_M,133,MSP
F,10,F10,78,3,ComboA,3A,3A.78,134_M,134,MSP
G,10,G10,79,3,ComboA,3A,3A.79,135_M,135,MSP
H,10,H10,80,3,ComboA,3A,3A.80,136_M,136,MSP
A,11,A11,81,3,ComboA,3A,3A.81,137_H,137,HPA
B,11,B11,82,3,ComboA,3A,3A.82,138_H,138,HPA
C,11,C11,83,3,ComboA,3A,3A.83,139_H,139,HPA
D,11,D11,84,3,ComboA,3A,3A.84,140_H,140,HPA
E,11,E11,85,3,ComboA,3A,3A.85,137_M,137,MSP
F,11,F11,86,3,ComboA,3A,3A.86,138_M,138,MSP
G,11,G11,87,3,ComboA,3A,3A.87,139_M,139,MSP
H,11,H11,88,3,ComboA,3A,3A.88,140_M,140,MSP
A,12,A12,89,3,ComboA,3A,3A.89,141_H,141,HPA
B,12,B12,90,3,ComboA,3A,3A.90,142_H,142,HPA
C,12,C12,91,3,ComboA,3A,3A.91,143_H,143,HPA
D,12,D12,92,3,ComboA,3A,3A.92,144_H,144,HPA
E,12,E12,93,3,ComboA,3A,3A.93,141_M,141,MSP
F,12,F12,94,3,ComboA,3A,3A.94,142_M,142,MSP
G,12,G12,95,3,ComboA,3A,3A.95,143_M,143,MSP
H,12,H12,96,3,ComboA,3A,3A.96,144_M,144,MSP
A,1,A1,1,3,ComboB,3B,3B.1,97_H,97,HPA
B,1,B1,2,3,ComboB,3B,3B.2,98_H,98,HPA
C,1,C1,3,3,ComboB,3B,3B.3,99_H,99,HPA
D,1,D1,4,3,ComboB,3B,3B.4,100_H,100,HPA
E,1,E1,5,3,ComboB,3B,3B.5,97_M,97,MSP
F,1,F1,6,3,ComboB,3B,3B.6,98_M,98,MSP
G,1,G1,7,3,ComboB,3B,3B.7,99_M,99,MSP
H,1,H1,8,3,ComboB,3B,3B.8,100_M,100,MSP
A,2,A2,9,3,ComboB,3B,3B.9,101_H,101,HPA
B,2,B2,10,3,ComboB,3B,3B.10,102_H,102,HPA
C,2,C2,11,3,ComboB,3B,3B.11,103_H,103,HPA
D,2,D2,12,3,ComboB,3B,3B.12,104_H,104,HPA
E,2,E2,13,3,ComboB,3B,3B.13,101_M,101,MSP
F,2,F2,14,3,ComboB,3B,3B.14,102_M,102,MSP
G,2,G2,15,3,ComboB,3B,3B.15,103_M,103,MSP
H,2,H2,16,3,ComboB,3B,3B.16,104_M,104,MSP
A,3,A3,17,3,ComboB,3B,3B.17,235_H,235,HPA
B,3,B3,18,3,ComboB,3B,3B.18,106_H,106,HPA
C,3,C3,19,3,ComboB,3B,3B.19,107_H,107,HPA
D,3,D3,20,3,ComboB,3B,3B.20,108_H,108,HPA
E,3,E3,21,3,ComboB,3B,3B.21,235_M,235,MSP
F,3,F3,22,3,ComboB,3B,3B.22,106_M,106,MSP
G,3,G3,23,3,ComboB,3B,3B.23,107_M,107,MSP
H,3,H3,24,3,ComboB,3B,3B.24,108_M,108,MSP
A,4,A4,25,3,ComboB,3B,3B.25,109_H,109,HPA
B,4,B4,26,3,ComboB,3B,3B.26,110_H,110,HPA
C,4,C4,27,3,ComboB,3B,3B.27,111_H,111,HPA
D,4,D4,28,3,ComboB,3B,3B.28,112_H,112,HPA
E,4,E4,29,3,ComboB,3B,3B.29,109_M,109,MSP
F,4,F4,30,3,ComboB,3B,3B.30,110_M,110,MSP
G,4,G4,31,3,ComboB,3B,3B.31,111_M,111,MSP
H,4,H4,32,3,ComboB,3B,3B.32,112_M,112,MSP
A,5,A5,33,3,ComboB,3B,3B.33,113_H,113,HPA
B,5,B5,34,3,ComboB,3B,3B.34,114_H,114,HPA
C,5,C5,35,3,ComboB,3B,3B.35,115_H,115,HPA
D,5,D5,36,3,ComboB,3B,3B.36,116_H,116,HPA
E,5,E5,37,3,ComboB,3B,3B.37,113_M,113,MSP
F,5,F5,38,3,ComboB,3B,3B.38,114_M,114,MSP
G,5,G5,39,3,ComboB,3B,3B.39,115_M,115,MSP
H,5,H5,40,3,ComboB,3B,3B.40,116_M,116,MSP
A,6,A6,41,3,ComboB,3B,3B.41,117_H,117,HPA
B,6,B6,42,3,ComboB,3B,3B.42,118_H,118,HPA
C,6,C6,43,3,ComboB,3B,3B.43,119_H,119,HPA
D,6,D6,44,3,ComboB,3B,3B.44,120_H,120,HPA
E,6,E6,45,3,ComboB,3B,3B.45,117_M,117,MSP
F,6,F6,46,3,ComboB,3B,3B.46,118_M,118,MSP
G,6,G6,47,3,ComboB,3B,3B.47,119_M,119,MSP
H,6,H6,48,3,ComboB,3B,3B.48,120_M,120,MSP
A,7,A7,49,3,ComboB,3B,3B.49,121_H,121,HPA
B,7,B7,50,3,ComboB,3B,3B.50,122_H,122,HPA
C,7,C7,51,3,ComboB,3B,3B.51,123_H,123,HPA
D,7,D7,52,3,ComboB,3B,3B.52,124_H,124,HPA
E,7,E7,53,3,ComboB,3B,3B.53,121_M,121,MSP
F,7,F7,54,3,ComboB,3B,3B.54,122_M,122,MSP
G,7,G7,55,3,ComboB,3B,3B.55,123_M,123,MSP
H,7,H7,56,3,ComboB,3B,3B.56,124_M,124,MSP
A,8,A8,57,3,ComboB,3B,3B.57,125_H,125,HPA
B,8,B8,58,3,ComboB,3B,3B.58,126_H,126,HPA
C,8,C8,59,3,ComboB,3B,3B.59,127_H,127,HPA
D,8,D8,60,3,ComboB,3B,3B.60,128_H,128,HPA
E,8,E8,61,3,ComboB,3B,3B.61,125_M,125,MSP
F,8,F8,62,3,ComboB,3B,3B.62,126_M,126,MSP
G,8,G8,63,3,ComboB,3B,3B.63,127_M,127,MSP
H,8,H8,64,3,ComboB,3B,3B.64,128_M,128,MSP
A,9,A9,65,3,ComboB,3B,3B.65,129_H,129,HPA
B,9,B9,66,3,ComboB,3B,3B.66,130_H,130,HPA
C,9,C9,67,3,ComboB,3B,3B.67,131_H,131,HPA
D,9,D9,68,3,ComboB,3B,3B.68,132_H,132,HPA
E,9,E9,69,3,ComboB,3B,3B.69,129_M,129,MSP
F,9,F9,70,3,ComboB,3B,3B.70,130_M,130,MSP
G,9,G9,71,3,ComboB,3B,3B.71,131_M,131,MSP
H,9,H9,72,3,ComboB,3B,3B.72,132_M,132,MSP
A,10,A10,73,3,ComboB,3B,3B.73,133_H,133,HPA
B,10,B10,74,3,ComboB,3B,3B.74,134_H,134,HPA
C,10,C10,75,3,ComboB,3B,3B.75,135_H,135,HPA
D,10,D10,76,3,ComboB,3B,3B.76,136_H,136,HPA
E,10,E10,77,3,ComboB,3B,3B.77,133_M,133,MSP
F,10,F10,78,3,ComboB,3B,3B.78,134_M,134,MSP
G,10,G10,79,3,ComboB,3B,3B.79,135_M,135,MSP
H,10,H10,80,3,ComboB,3B,3B.80,136_M,136,MSP
A,11,A11,81,3,ComboB,3B,3B.81,137_H,137,HPA
B,11,B11,82,3,ComboB,3B,3B.82,138_H,138,HPA
C,11,C11,83,3,ComboB,3B,3B.83,139_H,139,HPA
D,11,D11,84,3,ComboB,3B,3B.84,140_H,140,HPA
E,11,E11,85,3,ComboB,3B,3B.85,137_M,137,MSP
F,11,F11,86,3,ComboB,3B,3B.86,138_M,138,MSP
G,11,G11,87,3,ComboB,3B,3B.87,139_M,139,MSP
H,11,H11,88,3,ComboB,3B,3B.88,140_M,140,MSP
A,12,A12,89,3,ComboB,3B,3B.89,141_H,141,HPA
B,12,B12,90,3,ComboB,3B,3B.90,142_H,142,HPA
C,12,C12,91,3,ComboB,3B,3B.91,143_H,143,HPA
D,12,D12,92,3,ComboB,3B,3B.92,144_H,144,HPA
E,12,E12,93,3,ComboB,3B,3B.93,141_M,141,MSP
F,12,F12,94,3,ComboB,3B,3B.94,142_M,142,MSP
G,12,G12,95,3,ComboB,3B,3B.95,143_M,143,MSP
H,12,H12,96,3,ComboB,3B,3B.96,144_M,144,MSP
A,1,A1,1,4,ComboA,4A,4A.1,145_H,145,HPA
B,1,B1,2,4,ComboA,4A,4A.2,146_H,146,HPA
C,1,C1,3,4,ComboA,4A,4A.3,147_H,147,HPA
D,1,D1,4,4,ComboA,4A,4A.4,148_H,148,HPA
E,1,E1,5,4,ComboA,4A,4A.5,145_M,145,MSP
F,1,F1,6,4,ComboA,4A,4A.6,146_M,146,MSP
G,1,G1,7,4,ComboA,4A,4A.7,147_M,147,MSP
H,1,H1,8,4,ComboA,4A,4A.8,148_M,148,MSP
A,2,A2,9,4,ComboA,4A,4A.9,149_H,149,HPA
B,2,B2,10,4,ComboA,4A,4A.10,150_H,150,HPA
C,2,C2,11,4,ComboA,4A,4A.11,151_H,151,HPA
D,2,D2,12,4,ComboA,4A,4A.12,152_H,152,HPA
E,2,E2,13,4,ComboA,4A,4A.13,149_M,149,MSP
F,2,F2,14,4,ComboA,4A,4A.14,150_M,150,MSP
G,2,G2,15,4,ComboA,4A,4A.15,151_M,151,MSP
H,2,H2,16,4,ComboA,4A,4A.16,152_M,152,MSP
A,3,A3,17,4,ComboA,4A,4A.17,153_H,153,HPA
B,3,B3,18,4,ComboA,4A,4A.18,154_H,154,HPA
C,3,C3,19,4,ComboA,4A,4A.19,155_H,155,HPA
D,3,D3,20,4,ComboA,4A,4A.20,156_H,156,HPA
E,3,E3,21,4,ComboA,4A,4A.21,153_M,153,MSP
F,3,F3,22,4,ComboA,4A,4A.22,154_M,154,MSP
G,3,G3,23,4,ComboA,4A,4A.23,155_M,155,MSP
H,3,H3,24,4,ComboA,4A,4A.24,156_M,156,MSP
A,4,A4,25,4,ComboA,4A,4A.25,157_H,157,HPA
B,4,B4,26,4,ComboA,4A,4A.26,158_H,158,HPA
C,4,C4,27,4,ComboA,4A,4A.27,159_H,159,HPA
D,4,D4,28,4,ComboA,4A,4A.28,160_H,160,HPA
E,4,E4,29,4,ComboA,4A,4A.29,157_M,157,MSP
F,4,F4,30,4,ComboA,4A,4A.30,158_M,158,MSP
G,4,G4,31,4,ComboA,4A,4A.31,159_M,159,MSP
H,4,H4,32,4,ComboA,4A,4A.32,160_M,160,MSP
A,5,A5,33,4,ComboA,4A,4A.33,161_H,161,HPA
B,5,B5,34,4,ComboA,4A,4A.34,238_H,238,HPA
C,5,C5,35,4,ComboA,4A,4A.35,163_H,163,HPA
D,5,D5,36,4,ComboA,4A,4A.36,164_H,164,HPA
E,5,E5,37,4,ComboA,4A,4A.37,161_M,161,MSP
F,5,F5,38,4,ComboA,4A,4A.38,238_M,238,MSP
G,5,G5,39,4,ComboA,4A,4A.39,163_M,163,MSP
H,5,H5,40,4,ComboA,4A,4A.40,164_M,164,MSP
A,6,A6,41,4,ComboA,4A,4A.41,165_H,165,HPA
B,6,B6,42,4,ComboA,4A,4A.42,166_H,166,HPA
C,6,C6,43,4,ComboA,4A,4A.43,167_H,167,HPA
D,6,D6,44,4,ComboA,4A,4A.44,168_H,168,HPA
E,6,E6,45,4,ComboA,4A,4A.45,165_M,165,MSP
F,6,F6,46,4,ComboA,4A,4A.46,166_M,166,MSP
G,6,G6,47,4,ComboA,4A,4A.47,167_M,167,MSP
H,6,H6,48,4,ComboA,4A,4A.48,168_M,168,MSP
A,7,A7,49,4,ComboA,4A,4A.49,169_H,169,HPA
B,7,B7,50,4,ComboA,4A,4A.50,170_H,170,HPA
C,7,C7,51,4,ComboA,4A,4A.51,171_H,171,HPA
D,7,D7,52,4,ComboA,4A,4A.52,172_H,172,HPA
E,7,E7,53,4,ComboA,4A,4A.53,169_M,169,MSP
F,7,F7,54,4,ComboA,4A,4A.54,170_M,170,MSP
G,7,G7,55,4,ComboA,4A,4A.55,171_M,171,MSP
H,7,H7,56,4,ComboA,4A,4A.56,172_M,172,MSP
A,8,A8,57,4,ComboA,4A,4A.57,173_H,173,HPA
B,8,B8,58,4,ComboA,4A,4A.58,174_H,174,HPA
C,8,C8,59,4,ComboA,4A,4A.59,175_H,175,HPA
D,8,D8,60,4,ComboA,4A,4A.60,176_H,176,HPA
E,8,E8,61,4,ComboA,4A,4A.61,173_M,173,MSP
F,8,F8,62,4,ComboA,4A,4A.62,174_M,174,MSP
G,8,G8,63,4,ComboA,4A,4A.63,175_M,175,MSP
H,8,H8,64,4,ComboA,4A,4A.64,176_M,176,MSP
A,9,A9,65,4,ComboA,4A,4A.65,177_H,177,HPA
B,9,B9,66,4,ComboA,4A,4A.66,178_H,178,HPA
C,9,C9,67,4,ComboA,4A,4A.67,179_H,179,HPA
D,9,D9,68,4,ComboA,4A,4A.68,180_H,180,HPA
E,9,E9,69,4,ComboA,4A,4A.69,177_M,177,MSP
F,9,F9,70,4,ComboA,4A,4A.70,178_M,178,MSP
G,9,G9,71,4,ComboA,4A,4A.71,179_M,179,MSP
H,9,H9,72,4,ComboA,4A,4A.72,180_M,180,MSP
A,10,A10,73,4,ComboA,4A,4A.73,181_H,181,HPA
B,10,B10,74,4,ComboA,4A,4A.74,182_H,182,HPA
C,10,C10,75,4,ComboA,4A,4A.75,183_H,183,HPA
D,10,D10,76,4,ComboA,4A,4A.76,184_H,184,HPA
E,10,E10,77,4,ComboA,4A,4A.77,181_M,181,MSP
F,10,F10,78,4,ComboA,4A,4A.78,182_M,182,MSP
G,10,G10,79,4,ComboA,4A,4A.79,183_M,183,MSP
H,10,H10,80,4,ComboA,4A,4A.80,184_M,184,MSP
A,11,A11,81,4,ComboA,4A,4A.81,185_H,185,HPA
B,11,B11,82,4,ComboA,4A,4A.82,186_H,186,HPA
C,11,C11,83,4,ComboA,4A,4A.83,187_H,187,HPA
D,11,D11,84,4,ComboA,4A,4A.84,188_H,188,HPA
E,11,E11,85,4,ComboA,4A,4A.85,185_M,185,MSP
F,11,F11,86,4,ComboA,4A,4A.86,186_M,186,MSP
G,11,G11,87,4,ComboA,4A,4A.87,187_M,187,MSP
H,11,H11,88,4,ComboA,4A,4A.88,188_M,188,MSP
A,12,A12,89,4,ComboA,4A,4A.89,189_H,189,HPA
B,12,B12,90,4,ComboA,4A,4A.90,190_H,190,HPA
C,12,C12,91,4,ComboA,4A,4A.91,191_H,191,HPA
D,12,D12,92,4,ComboA,4A,4A.92,192_H,192,HPA
E,12,E12,93,4,ComboA,4A,4A.93,189_M,189,MSP
F,12,F12,94,4,ComboA,4A,4A.94,190_M,190,MSP
G,12,G12,95,4,ComboA,4A,4A.95,191_M,191,MSP
H,12,H12,96,4,ComboA,4A,4A.96,192_M,192,MSP
A,1,A1,1,4,ComboB,4B,4B.1,145_H,145,HPA
B,1,B1,2,4,ComboB,4B,4B.2,146_H,146,HPA
C,1,C1,3,4,ComboB,4B,4B.3,147_H,147,HPA
D,1,D1,4,4,ComboB,4B,4B.4,148_H,148,HPA
E,1,E1,5,4,ComboB,4B,4B.5,145_M,145,MSP
F,1,F1,6,4,ComboB,4B,4B.6,146_M,146,MSP
G,1,G1,7,4,ComboB,4B,4B.7,147_M,147,MSP
H,1,H1,8,4,ComboB,4B,4B.8,148_M,148,MSP
A,2,A2,9,4,ComboB,4B,4B.9,149_H,149,HPA
B,2,B2,10,4,ComboB,4B,4B.10,150_H,150,HPA
C,2,C2,11,4,ComboB,4B,4B.11,151_H,151,HPA
D,2,D2,12,4,ComboB,4B,4B.12,152_H,152,HPA
E,2,E2,13,4,ComboB,4B,4B.13,149_M,149,MSP
F,2,F2,14,4,ComboB,4B,4B.14,150_M,150,MSP
G,2,G2,15,4,ComboB,4B,4B.15,151_M,151,MSP
H,2,H2,16,4,ComboB,4B,4B.16,152_M,152,MSP
A,3,A3,17,4,ComboB,4B,4B.17,153_H,153,HPA
B,3,B3,18,4,ComboB,4B,4B.18,154_H,154,HPA
C,3,C3,19,4,ComboB,4B,4B.19,155_H,155,HPA
D,3,D3,20,4,ComboB,4B,4B.20,156_H,156,HPA
E,3,E3,21,4,ComboB,4B,4B.21,153_M,153,MSP
F,3,F3,22,4,ComboB,4B,4B.22,154_M,154,MSP
G,3,G3,23,4,ComboB,4B,4B.23,155_M,155,MSP
H,3,H3,24,4,ComboB,4B,4B.24,156_M,156,MSP
A,4,A4,25,4,ComboB,4B,4B.25,157_H,157,HPA
B,4,B4,26,4,ComboB,4B,4B.26,158_H,158,HPA
C,4,C4,27,4,ComboB,4B,4B.27,159_H,159,HPA
D,4,D4,28,4,ComboB,4B,4B.28,160_H,160,HPA
E,4,E4,29,4,ComboB,4B,4B.29,157_M,157,MSP
F,4,F4,30,4,ComboB,4B,4B.30,158_M,158,MSP
G,4,G4,31,4,ComboB,4B,4B.31,159_M,159,MSP
H,4,H4,32,4,ComboB,4B,4B.32,160_M,160,MSP
A,5,A5,33,4,ComboB,4B,4B.33,161_H,161,HPA
B,5,B5,34,4,ComboB,4B,4B.34,238_H,238,HPA
C,5,C5,35,4,ComboB,4B,4B.35,163_H,163,HPA
D,5,D5,36,4,ComboB,4B,4B.36,164_H,164,HPA
E,5,E5,37,4,ComboB,4B,4B.37,161_M,161,MSP
F,5,F5,38,4,ComboB,4B,4B.38,238_M,238,MSP
G,5,G5,39,4,ComboB,4B,4B.39,163_M,163,MSP
H,5,H5,40,4,ComboB,4B,4B.40,164_M,164,MSP
A,6,A6,41,4,ComboB,4B,4B.41,165_H,165,HPA
B,6,B6,42,4,ComboB,4B,4B.42,166_H,166,HPA
C,6,C6,43,4,ComboB,4B,4B.43,167_H,167,HPA
D,6,D6,44,4,ComboB,4B,4B.44,168_H,168,HPA
E,6,E6,45,4,ComboB,4B,4B.45,165_M,165,MSP
F,6,F6,46,4,ComboB,4B,4B.46,166_M,166,MSP
G,6,G6,47,4,ComboB,4B,4B.47,167_M,167,MSP
H,6,H6,48,4,ComboB,4B,4B.48,168_M,168,MSP
A,7,A7,49,4,ComboB,4B,4B.49,169_H,169,HPA
B,7,B7,50,4,ComboB,4B,4B.50,170_H,170,HPA
C,7,C7,51,4,ComboB,4B,4B.51,171_H,171,HPA
D,7,D7,52,4,ComboB,4B,4B.52,172_H,172,HPA
E,7,E7,53,4,ComboB,4B,4B.53,169_M,169,MSP
F,7,F7,54,4,ComboB,4B,4B.54,170_M,170,MSP
G,7,G7,55,4,ComboB,4B,4B.55,171_M,171,MSP
H,7,H7,56,4,ComboB,4B,4B.56,172_M,172,MSP
A,8,A8,57,4,ComboB,4B,4B.57,173_H,173,HPA
B,8,B8,58,4,ComboB,4B,4B.58,174_H,174,HPA
C,8,C8,59,4,ComboB,4B,4B.59,175_H,175,HPA
D,8,D8,60,4,ComboB,4B,4B.60,176_H,176,HPA
E,8,E8,61,4,ComboB,4B,4B.61,173_M,173,MSP
F,8,F8,62,4,ComboB,4B,4B.62,174_M,174,MSP
G,8,G8,63,4,ComboB,4B,4B.63,175_M,175,MSP
H,8,H8,64,4,ComboB,4B,4B.64,176_M,176,MSP
A,9,A9,65,4,ComboB,4B,4B.65,177_H,177,HPA
B,9,B9,66,4,ComboB,4B,4B.66,178_H,178,HPA
C,9,C9,67,4,ComboB,4B,4B.67,179_H,179,HPA
D,9,D9,68,4,ComboB,4B,4B.68,180_H,180,HPA
E,9,E9,69,4,ComboB,4B,4B.69,177_M,177,MSP
F,9,F9,70,4,ComboB,4B,4B.70,178_M,178,MSP
G,9,G9,71,4,ComboB,4B,4B.71,179_M,179,MSP
H,9,H9,72,4,ComboB,4B,4B.72,180_M,180,MSP
A,10,A10,73,4,ComboB,4B,4B.73,181_H,181,HPA
B,10,B10,74,4,ComboB,4B,4B.74,182_H,182,HPA
C,10,C10,75,4,ComboB,4B,4B.75,183_H,183,HPA
D,10,D10,76,4,ComboB,4B,4B.76,184_H,184,HPA
E,10,E10,77,4,ComboB,4B,4B.77,181_M,181,MSP
F,10,F10,78,4,ComboB,4B,4B.78,182_M,182,MSP
G,10,G10,79,4,ComboB,4B,4B.79,183_M,183,MSP
H,10,H10,80,4,ComboB,4B,4B.80,184_M,184,MSP
A,11,A11,81,4,ComboB,4B,4B.81,185_H,185,HPA
B,11,B11,82,4,ComboB,4B,4B.82,186_H,186,HPA
C,11,C11,83,4,ComboB,4B,4B.83,187_H,187,HPA
D,11,D11,84,4,ComboB,4B,4B.84,188_H,188,HPA
E,11,E11,85,4,ComboB,4B,4B.85,185_M,185,MSP
F,11,F11,86,4,ComboB,4B,4B.86,186_M,186,MSP
G,11,G11,87,4,ComboB,4B,4B.87,187_M,187,MSP
H,11,H11,88,4,ComboB,4B,4B.88,188_M,188,MSP
A,12,A12,89,4,ComboB,4B,4B.89,189_H,189,HPA
B,12,B12,90,4,ComboB,4B,4B.90,190_H,190,HPA
C,12,C12,91,4,ComboB,4B,4B.91,191_H,191,HPA
D,12,D12,92,4,ComboB,4B,4B.92,192_H,192,HPA
E,12,E12,93,4,ComboB,4B,4B.93,189_M,189,MSP
F,12,F12,94,4,ComboB,4B,4B.94,190_M,190,MSP
G,12,G12,95,4,ComboB,4B,4B.95,191_M,191,MSP
H,12,H12,96,4,ComboB,4B,4B.96,192_M,192,MSP
A,1,A1,1,5,ComboA,5A,5A.1,193_H,193,HPA
B,1,B1,2,5,ComboA,5A,5A.2,194_H,194,HPA
C,1,C1,3,5,ComboA,5A,5A.3,195_H,195,HPA
D,1,D1,4,5,ComboA,5A,5A.4,196_H,196,HPA
E,1,E1,5,5,ComboA,5A,5A.5,193_M,193,MSP
F,1,F1,6,5,ComboA,5A,5A.6,194_M,194,MSP
G,1,G1,7,5,ComboA,5A,5A.7,195_M,195,MSP
H,1,H1,8,5,ComboA,5A,5A.8,196_M,196,MSP
A,2,A2,9,5,ComboA,5A,5A.9,197_H,197,HPA
B,2,B2,10,5,ComboA,5A,5A.10,198_H,198,HPA
C,2,C2,11,5,ComboA,5A,5A.11,199_H,199,HPA
D,2,D2,12,5,ComboA,5A,5A.12,200_H,200,HPA
E,2,E2,13,5,ComboA,5A,5A.13,197_M,197,MSP
F,2,F2,14,5,ComboA,5A,5A.14,198_M,198,MSP
G,2,G2,15,5,ComboA,5A,5A.15,199_M,199,MSP
H,2,H2,16,5,ComboA,5A,5A.16,200_M,200,MSP
A,3,A3,17,5,ComboA,5A,5A.17,201_H,201,HPA
B,3,B3,18,5,ComboA,5A,5A.18,202_H,202,HPA
C,3,C3,19,5,ComboA,5A,5A.19,203_H,203,HPA
D,3,D3,20,5,ComboA,5A,5A.20,204_H,204,HPA
E,3,E3,21,5,ComboA,5A,5A.21,201_M,201,MSP
F,3,F3,22,5,ComboA,5A,5A.22,202_M,202,MSP
G,3,G3,23,5,ComboA,5A,5A.23,203_M,203,MSP
H,3,H3,24,5,ComboA,5A,5A.24,204_M,204,MSP
A,4,A4,25,5,ComboA,5A,5A.25,205_H,205,HPA
B,4,B4,26,5,ComboA,5A,5A.26,206_H,206,HPA
C,4,C4,27,5,ComboA,5A,5A.27,207_H,207,HPA
D,4,D4,28,5,ComboA,5A,5A.28,208_H,208,HPA
E,4,E4,29,5,ComboA,5A,5A.29,205_M,205,MSP
F,4,F4,30,5,ComboA,5A,5A.30,206_M,206,MSP
G,4,G4,31,5,ComboA,5A,5A.31,207_M,207,MSP
H,4,H4,32,5,ComboA,5A,5A.32,208_M,208,MSP
A,5,A5,33,5,ComboA,5A,5A.33,209_H,209,HPA
B,5,B5,34,5,ComboA,5A,5A.34,210_H,210,HPA
C,5,C5,35,5,ComboA,5A,5A.35,211_H,211,HPA
D,5,D5,36,5,ComboA,5A,5A.36,212_H,212,HPA
E,5,E5,37,5,ComboA,5A,5A.37,209_M,209,MSP
F,5,F5,38,5,ComboA,5A,5A.38,210_M,210,MSP
G,5,G5,39,5,ComboA,5A,5A.39,211_M,211,MSP
H,5,H5,40,5,ComboA,5A,5A.40,212_M,212,MSP
A,6,A6,41,5,ComboA,5A,5A.41,213_H,213,HPA
B,6,B6,42,5,ComboA,5A,5A.42,214_H,214,HPA
C,6,C6,43,5,ComboA,5A,5A.43,215_H,215,HPA
D,6,D6,44,5,ComboA,5A,5A.44,216_H,216,HPA
E,6,E6,45,5,ComboA,5A,5A.45,213_M,213,MSP
F,6,F6,46,5,ComboA,5A,5A.46,214_M,214,MSP
G,6,G6,47,5,ComboA,5A,5A.47,215_M,215,MSP
H,6,H6,48,5,ComboA,5A,5A.48,216_M,216,MSP
A,7,A7,49,5,ComboA,5A,5A.49,217_H,217,HPA
B,7,B7,50,5,ComboA,5A,5A.50,218_H,218,HPA
C,7,C7,51,5,ComboA,5A,5A.51,219_H,219,HPA
D,7,D7,52,5,ComboA,5A,5A.52,220_H,220,HPA
E,7,E7,53,5,ComboA,5A,5A.53,217_M,217,MSP
F,7,F7,54,5,ComboA,5A,5A.54,218_M,218,MSP
G,7,G7,55,5,ComboA,5A,5A.55,219_M,219,MSP
H,7,H7,56,5,ComboA,5A,5A.56,220_M,220,MSP
A,8,A8,57,5,ComboA,5A,5A.57,221_H,221,HPA
B,8,B8,58,5,ComboA,5A,5A.58,222_H,222,HPA
C,8,C8,59,5,ComboA,5A,5A.59,223_H,223,HPA
D,8,D8,60,5,ComboA,5A,5A.60,224_H,224,HPA
E,8,E8,61,5,ComboA,5A,5A.61,221_M,221,MSP
F,8,F8,62,5,ComboA,5A,5A.62,222_M,222,MSP
G,8,G8,63,5,ComboA,5A,5A.63,223_M,223,MSP
H,8,H8,64,5,ComboA,5A,5A.64,224_M,224,MSP
A,9,A9,65,5,ComboA,5A,5A.65,225_H,225,HPA
B,9,B9,66,5,ComboA,5A,5A.66,226_H,226,HPA
C,9,C9,67,5,ComboA,5A,5A.67,227_H,227,HPA
D,9,D9,68,5,ComboA,5A,5A.68,228_H,228,HPA
E,9,E9,69,5,ComboA,5A,5A.69,225_M,225,MSP
F,9,F9,70,5,ComboA,5A,5A.70,226_M,226,MSP
G,9,G9,71,5,ComboA,5A,5A.71,227_M,227,MSP
H,9,H9,72,5,ComboA,5A,5A.72,228_M,228,MSP
A,10,A10,73,5,ComboA,5A,5A.73,229_H,229,HPA
B,10,B10,74,5,ComboA,5A,5A.74,230_H,230,HPA
C,10,C10,75,5,ComboA,5A,5A.75,231_H,231,HPA
D,10,D10,76,5,ComboA,5A,5A.76,232_H,232,HPA
E,10,E10,77,5,ComboA,5A,5A.77,229_M,229,MSP
F,10,F10,78,5,ComboA,5A,5A.78,230_M,230,MSP
G,10,G10,79,5,ComboA,5A,5A.79,231_M,231,MSP
H,10,H10,80,5,ComboA,5A,5A.80,232_M,232,MSP
A,11,A11,81,5,ComboA,5A,5A.81,233_H,233,HPA
B,11,B11,82,5,ComboA,5A,5A.82,234_H,234,HPA
C,11,C11,83,5,ComboA,5A,5A.83,105_H,105,HPA
D,11,D11,84,5,ComboA,5A,5A.84,236_H,236,HPA
E,11,E11,85,5,ComboA,5A,5A.85,233_M,233,MSP
F,11,F11,86,5,ComboA,5A,5A.86,234_M,234,MSP
G,11,G11,87,5,ComboA,5A,5A.87,105_M,105,MSP
H,11,H11,88,5,ComboA,5A,5A.88,236_M,236,MSP
A,12,A12,89,5,ComboA,5A,5A.89,237_H,237,HPA
B,12,B12,90,5,ComboA,5A,5A.90,162_H,162,HPA
C,12,C12,91,5,ComboA,5A,5A.91,239_H,239,HPA
D,12,D12,92,5,ComboA,5A,5A.92,240_H,240,HPA
E,12,E12,93,5,ComboA,5A,5A.93,237_M,237,MSP
F,12,F12,94,5,ComboA,5A,5A.94,162_M,162,MSP
G,12,G12,95,5,ComboA,5A,5A.95,239_M,239,MSP
H,12,H12,96,5,ComboA,5A,5A.96,240_M,240,MSP
A,1,A1,1,5,ComboB,5B,5B.1,193_H,193,HPA
B,1,B1,2,5,ComboB,5B,5B.2,194_H,194,HPA
C,1,C1,3,5,ComboB,5B,5B.3,195_H,195,HPA
D,1,D1,4,5,ComboB,5B,5B.4,196_H,196,HPA
E,1,E1,5,5,ComboB,5B,5B.5,193_M,193,MSP
F,1,F1,6,5,ComboB,5B,5B.6,194_M,194,MSP
G,1,G1,7,5,ComboB,5B,5B.7,195_M,195,MSP
H,1,H1,8,5,ComboB,5B,5B.8,196_M,196,MSP
A,2,A2,9,5,ComboB,5B,5B.9,197_H,197,HPA
B,2,B2,10,5,ComboB,5B,5B.10,198_H,198,HPA
C,2,C2,11,5,ComboB,5B,5B.11,199_H,199,HPA
D,2,D2,12,5,ComboB,5B,5B.12,200_H,200,HPA
E,2,E2,13,5,ComboB,5B,5B.13,197_M,197,MSP
F,2,F2,14,5,ComboB,5B,5B.14,198_M,198,MSP
G,2,G2,15,5,ComboB,5B,5B.15,199_M,199,MSP
H,2,H2,16,5,ComboB,5B,5B.16,200_M,200,MSP
A,3,A3,17,5,ComboB,5B,5B.17,201_H,201,HPA
B,3,B3,18,5,ComboB,5B,5B.18,202_H,202,HPA
C,3,C3,19,5,ComboB,5B,5B.19,203_H,203,HPA
D,3,D3,20,5,ComboB,5B,5B.20,204_H,204,HPA
E,3,E3,21,5,ComboB,5B,5B.21,201_M,201,MSP
F,3,F3,22,5,ComboB,5B,5B.22,202_M,202,MSP
G,3,G3,23,5,ComboB,5B,5B.23,203_M,203,MSP
H,3,H3,24,5,ComboB,5B,5B.24,204_M,204,MSP
A,4,A4,25,5,ComboB,5B,5B.25,205_H,205,HPA
B,4,B4,26,5,ComboB,5B,5B.26,206_H,206,HPA
C,4,C4,27,5,ComboB,5B,5B.27,207_H,207,HPA
D,4,D4,28,5,ComboB,5B,5B.28,208_H,208,HPA
E,4,E4,29,5,ComboB,5B,5B.29,205_M,205,MSP
F,4,F4,30,5,ComboB,5B,5B.30,206_M,206,MSP
G,4,G4,31,5,ComboB,5B,5B.31,207_M,207,MSP
H,4,H4,32,5,ComboB,5B,5B.32,208_M,208,MSP
A,5,A5,33,5,ComboB,5B,5B.33,209_H,209,HPA
B,5,B5,34,5,ComboB,5B,5B.34,210_H,210,HPA
C,5,C5,35,5,ComboB,5B,5B.35,211_H,211,HPA
D,5,D5,36,5,ComboB,5B,5B.36,212_H,212,HPA
E,5,E5,37,5,ComboB,5B,5B.37,209_M,209,MSP
F,5,F5,38,5,ComboB,5B,5B.38,210_M,210,MSP
G,5,G5,39,5,ComboB,5B,5B.39,211_M,211,MSP
H,5,H5,40,5,ComboB,5B,5B.40,212_M,212,MSP
A,6,A6,41,5,ComboB,5B,5B.41,213_H,213,HPA
B,6,B6,42,5,ComboB,5B,5B.42,214_H,214,HPA
C,6,C6,43,5,ComboB,5B,5B.43,215_H,215,HPA
D,6,D6,44,5,ComboB,5B,5B.44,216_H,216,HPA
E,6,E6,45,5,ComboB,5B,5B.45,213_M,213,MSP
F,6,F6,46,5,ComboB,5B,5B.46,214_M,214,MSP
G,6,G6,47,5,ComboB,5B,5B.47,215_M,215,MSP
H,6,H6,48,5,ComboB,5B,5B.48,216_M,216,MSP
A,7,A7,49,5,ComboB,5B,5B.49,217_H,217,HPA
B,7,B7,50,5,ComboB,5B,5B.50,218_H,218,HPA
C,7,C7,51,5,ComboB,5B,5B.51,219_H,219,HPA
D,7,D7,52,5,ComboB,5B,5B.52,220_H,220,HPA
E,7,E7,53,5,ComboB,5B,5B.53,217_M,217,MSP
F,7,F7,54,5,ComboB,5B,5B.54,218_M,218,MSP
G,7,G7,55,5,ComboB,5B,5B.55,219_M,219,MSP
H,7,H7,56,5,ComboB,5B,5B.56,220_M,220,MSP
A,8,A8,57,5,ComboB,5B,5B.57,221_H,221,HPA
B,8,B8,58,5,ComboB,5B,5B.58,222_H,222,HPA
C,8,C8,59,5,ComboB,5B,5B.59,223_H,223,HPA
D,8,D8,60,5,ComboB,5B,5B.60,224_H,224,HPA
E,8,E8,61,5,ComboB,5B,5B.61,221_M,221,MSP
F,8,F8,62,5,ComboB,5B,5B.62,222_M,222,MSP
G,8,G8,63,5,ComboB,5B,5B.63,223_M,223,MSP
H,8,H8,64,5,ComboB,5B,5B.64,224_M,224,MSP
A,9,A9,65,5,ComboB,5B,5B.65,225_H,225,HPA
B,9,B9,66,5,ComboB,5B,5B.66,226_H,226,HPA
C,9,C9,67,5,ComboB,5B,5B.67,227_H,227,HPA
D,9,D9,68,5,ComboB,5B,5B.68,228_H,228,HPA
E,9,E9,69,5,ComboB,5B,5B.69,225_M,225,MSP
F,9,F9,70,5,ComboB,5B,5B.70,226_M,226,MSP
G,9,G9,71,5,ComboB,5B,5B.71,227_M,227,MSP
H,9,H9,72,5,ComboB,5B,5B.72,228_M,228,MSP
A,10,A10,73,5,ComboB,5B,5B.73,229_H,229,HPA
B,10,B10,74,5,ComboB,5B,5B.74,230_H,230,HPA
C,10,C10,75,5,ComboB,5B,5B.75,231_H,231,HPA
D,10,D10,76,5,ComboB,5B,5B.76,232_H,232,HPA
E,10,E10,77,5,ComboB,5B,5B.77,229_M,229,MSP
F,10,F10,78,5,ComboB,5B,5B.78,230_M,230,MSP
G,10,G10,79,5,ComboB,5B,5B.79,231_M,231,MSP
H,10,H10,80,5,ComboB,5B,5B.80,232_M,232,MSP
A,11,A11,81,5,ComboB,5B,5B.81,233_H,233,HPA
B,11,B11,82,5,ComboB,5B,5B.82,234_H,234,HPA
C,11,C11,83,5,ComboB,5B,5B.83,105_H,105,HPA
D,11,D11,84,5,ComboB,5B,5B.84,236_H,236,HPA
E,11,E11,85,5,ComboB,5B,5B.85,233_M,233,MSP
F,11,F11,86,5,ComboB,5B,5B.86,234_M,234,MSP
G,11,G11,87,5,ComboB,5B,5B.87,105_M,105,MSP
H,11,H11,88,5,ComboB,5B,5B.88,236_M,236,MSP
A,12,A12,89,5,ComboB,5B,5B.89,237_H,237,HPA
B,12,B12,90,5,ComboB,5B,5B.90,162_H,162,HPA
C,12,C12,91,5,ComboB,5B,5B.91,239_H,239,HPA
D,12,D12,92,5,ComboB,5B,5B.92,240_H,240,HPA
E,12,E12,93,5,ComboB,5B,5B.93,237_M,237,MSP
F,12,F12,94,5,ComboB,5B,5B.94,162_M,162,MSP
G,12,G12,95,5,ComboB,5B,5B.95,239_M,239,MSP
H,12,H12,96,5,ComboB,5B,5B.96,240_M,240,MSP
A,1,A1,1,6,ComboA,6A,6A.1,P1_H,P1,HPA
B,1,B1,2,6,ComboA,6A,6A.2,P2_H,P2,HPA
C,1,C1,3,6,ComboA,6A,6A.3,P3_H,P3,HPA
D,1,D1,4,6,ComboA,6A,6A.4,P4_H,P4,HPA
E,1,E1,5,6,ComboA,6A,6A.5,P1_M,P1,MSP
F,1,F1,6,6,ComboA,6A,6A.6,P2_M,P2,MSP
G,1,G1,7,6,ComboA,6A,6A.7,P3_M,P3,MSP
H,1,H1,8,6,ComboA,6A,6A.8,P4_M,P4,MSP
A,2,A2,9,6,ComboA,6A,6A.9,P5_H,P5,HPA
B,2,B2,10,6,ComboA,6A,6A.10,P6_H,P6,HPA
C,2,C2,11,6,ComboA,6A,6A.11,P7_H,P7,HPA
D,2,D2,12,6,ComboA,6A,6A.12,P8_H,P8,HPA
E,2,E2,13,6,ComboA,6A,6A.13,P5_M,P5,MSP
F,2,F2,14,6,ComboA,6A,6A.14,P6_M,P6,MSP
G,2,G2,15,6,ComboA,6A,6A.15,P7_M,P7,MSP
H,2,H2,16,6,ComboA,6A,6A.16,P8_M,P8,MSP
A,3,A3,17,6,ComboA,6A,6A.17,P9_H,P9,HPA
B,3,B3,18,6,ComboA,6A,6A.18,P10_H,P10,HPA
C,3,C3,19,6,ComboA,6A,6A.19,P11_H,P11,HPA
D,3,D3,20,6,ComboA,6A,6A.20,P12_H,P12,HPA
E,3,E3,21,6,ComboA,6A,6A.21,P9_M,P9,MSP
F,3,F3,22,6,ComboA,6A,6A.22,P10_M,P10,MSP
G,3,G3,23,6,ComboA,6A,6A.23,P11_M,P11,MSP
H,3,H3,24,6,ComboA,6A,6A.24,P12_M,P12,MSP
A,4,A4,25,6,ComboA,6A,6A.25,P13_H,P13,HPA
B,4,B4,26,6,ComboA,6A,6A.26,P14_H,P14,HPA
C,4,C4,27,6,ComboA,6A,6A.27,P15_H,P15,HPA
D,4,D4,28,6,ComboA,6A,6A.28,P16_H,P16,HPA
E,4,E4,29,6,ComboA,6A,6A.29,P13_M,P13,MSP
F,4,F4,30,6,ComboA,6A,6A.30,P14_M,P14,MSP
G,4,G4,31,6,ComboA,6A,6A.31,P15_M,P15,MSP
H,4,H4,32,6,ComboA,6A,6A.32,P16_M,P16,MSP
A,5,A5,33,6,ComboA,6A,6A.33,P17_H,P17,HPA
B,5,B5,34,6,ComboA,6A,6A.34,P18_H,P18,HPA
C,5,C5,35,6,ComboA,6A,6A.35,P19_H,P19,HPA
D,5,D5,36,6,ComboA,6A,6A.36,P20_H,P20,HPA
E,5,E5,37,6,ComboA,6A,6A.37,P17_M,P17,MSP
F,5,F5,38,6,ComboA,6A,6A.38,P18_M,P18,MSP
G,5,G5,39,6,ComboA,6A,6A.39,P19_M,P19,MSP
H,5,H5,40,6,ComboA,6A,6A.40,P20_M,P20,MSP
A,7,A7,41,6,ComboB,6B,6B.41,P1_H,P1,HPA
B,7,B7,42,6,ComboB,6B,6B.42,P2_H,P2,HPA
C,7,C7,43,6,ComboB,6B,6B.43,P3_H,P3,HPA
D,7,D7,44,6,ComboB,6B,6B.44,P4_H,P4,HPA
E,7,E7,45,6,ComboB,6B,6B.45,P1_M,P1,MSP
F,7,F7,46,6,ComboB,6B,6B.46,P2_M,P2,MSP
G,7,G7,47,6,ComboB,6B,6B.47,P3_M,P3,MSP
H,7,H7,48,6,ComboB,6B,6B.48,P4_M,P4,MSP
A,8,A8,49,6,ComboB,6B,6B.49,P5_H,P5,HPA
B,8,B8,50,6,ComboB,6B,6B.50,P6_H,P6,HPA
C,8,C8,51,6,ComboB,6B,6B.51,P7_H,P7,HPA
D,8,D8,52,6,ComboB,6B,6B.52,P8_H,P8,HPA
E,8,E8,53,6,ComboB,6B,6B.53,P5_M,P5,MSP
F,8,F8,54,6,ComboB,6B,6B.54,P6_M,P6,MSP
G,8,G8,55,6,ComboB,6B,6B.55,P7_M,P7,MSP
H,8,H8,56,6,ComboB,6B,6B.56,P8_M,P8,MSP
A,9,A9,57,6,ComboB,6B,6B.57,P9_H,P9,HPA
B,9,B9,58,6,ComboB,6B,6B.58,P10_H,P10,HPA
C,9,C9,59,6,ComboB,6B,6B.59,P11_H,P11,HPA
D,9,D9,60,6,ComboB,6B,6B.60,P12_H,P12,HPA
E,9,E9,61,6,ComboB,6B,6B.61,P9_M,P9,MSP
F,9,F9,62,6,ComboB,6B,6B.62,P10_M,P10,MSP
G,9,G9,63,6,ComboB,6B,6B.63,P11_M,P11,MSP
H,9,H9,64,6,ComboB,6B,6B.64,P12_M,P12,MSP
A,10,A10,65,6,ComboB,6B,6B.65,P13_H,P13,HPA
B,10,B10,66,6,ComboB,6B,6B.66,P14_H,P14,HPA
C,10,C10,67,6,ComboB,6B,6B.67,P15_H,P15,HPA
D,10,D10,68,6,ComboB,6B,6B.68,P16_H,P16,HPA
E,10,E10,69,6,ComboB,6B,6B.69,P13_M,P13,MSP
F,10,F10,70,6,ComboB,6B,6B.70,P14_M,P14,MSP
G,10,G10,71,6,ComboB,6B,6B.71,P15_M,P15,MSP
H,10,H10,72,6,ComboB,6B,6B.72,P16_M,P16,MSP
A,11,A11,73,6,ComboB,6B,6B.73,P17_H,P17,HPA
B,11,B11,74,6,ComboB,6B,6B.74,P18_H,P18,HPA
C,11,C11,75,6,ComboB,6B,6B.75,P19_H,P19,HPA
D,11,D11,76,6,ComboB,6B,6B.76,P20_H,P20,HPA
E,11,E11,77,6,ComboB,6B,6B.77,P17_M,P17,MSP
F,11,F11,78,6,ComboB,6B,6B.78,P18_M,P18,MSP
G,11,G11,79,6,ComboB,6B,6B.79,P19_M,P19,MSP
H,11,H11,80,6,ComboB,6B,6B.80,P20_M,P20,MSP
A,1,A1,1,7,ComboA,7A,7A.1,P21_H,P21,HPA
B,1,B1,2,7,ComboA,7A,7A.2,P22_H,P22,HPA
C,1,C1,3,7,ComboA,7A,7A.3,P23_H,P23,HPA
D,1,D1,4,7,ComboA,7A,7A.4,P24_H,P24,HPA
E,1,E1,5,7,ComboA,7A,7A.5,P21_M,P21,MSP
F,1,F1,6,7,ComboA,7A,7A.6,P22_M,P22,MSP
G,1,G1,7,7,ComboA,7A,7A.7,P23_M,P23,MSP
H,1,H1,8,7,ComboA,7A,7A.8,P24_M,P24,MSP
A,2,A2,9,7,ComboA,7A,7A.9,P25_H,P25,HPA
B,2,B2,10,7,ComboA,7A,7A.10,P26_H,P26,HPA
C,2,C2,11,7,ComboA,7A,7A.11,P27_H,P27,HPA
D,2,D2,12,7,ComboA,7A,7A.12,P28_H,P28,HPA
E,2,E2,13,7,ComboA,7A,7A.13,P25_M,P25,MSP
F,2,F2,14,7,ComboA,7A,7A.14,P26_M,P26,MSP
G,2,G2,15,7,ComboA,7A,7A.15,P27_M,P27,MSP
H,2,H2,16,7,ComboA,7A,7A.16,P28_M,P28,MSP
A,3,A3,17,7,ComboA,7A,7A.17,P29_H,P29,HPA
B,3,B3,18,7,ComboA,7A,7A.18,P30_H,P30,HPA
C,3,C3,19,7,ComboA,7A,7A.19,P31_H,P31,HPA
D,3,D3,20,7,ComboA,7A,7A.20,P32_H,P32,HPA
E,3,E3,21,7,ComboA,7A,7A.21,P29_M,P29,MSP
F,3,F3,22,7,ComboA,7A,7A.22,P30_M,P30,MSP
G,3,G3,23,7,ComboA,7A,7A.23,P31_M,P31,MSP
H,3,H3,24,7,ComboA,7A,7A.24,P32_M,P32,MSP
A,4,A4,25,7,ComboA,7A,7A.25,P33_H,P33,HPA
B,4,B4,26,7,ComboA,7A,7A.26,P34_H,P34,HPA
C,4,C4,27,7,ComboA,7A,7A.27,P35_H,P35,HPA
D,4,D4,28,7,ComboA,7A,7A.28,P36_H,P36,HPA
E,4,E4,29,7,ComboA,7A,7A.29,P33_M,P33,MSP
F,4,F4,30,7,ComboA,7A,7A.30,P34_M,P34,MSP
G,4,G4,31,7,ComboA,7A,7A.31,P35_M,P35,MSP
H,4,H4,32,7,ComboA,7A,7A.32,P36_M,P36,MSP
A,5,A5,33,7,ComboA,7A,7A.33,P37_H,P37,HPA
B,5,B5,34,7,ComboA,7A,7A.34,P38_H,P38,HPA
C,5,C5,35,7,ComboA,7A,7A.35,P39_H,P39,HPA
D,5,D5,36,7,ComboA,7A,7A.36,P40_H,P40,HPA
E,5,E5,37,7,ComboA,7A,7A.37,P37_M,P37,MSP
F,5,F5,38,7,ComboA,7A,7A.38,P38_M,P38,MSP
G,5,G5,39,7,ComboA,7A,7A.39,P39_M,P39,MSP
H,5,H5,40,7,ComboA,7A,7A.40,P40_M,P40,MSP
A,6,A6,41,7,ComboA,7A,7A.41,P41_H,P41,HPA
B,6,B6,42,7,ComboA,7A,7A.42,P42_H,P42,HPA
C,6,C6,43,7,ComboA,7A,7A.43,P43_H,P43,HPA
D,6,D6,44,7,ComboA,7A,7A.44,P44_H,P44,HPA
E,6,E6,45,7,ComboA,7A,7A.45,P41_M,P41,MSP
F,6,F6,46,7,ComboA,7A,7A.46,P42_M,P42,MSP
G,6,G6,47,7,ComboA,7A,7A.47,P43_M,P43,MSP
H,6,H6,48,7,ComboA,7A,7A.48,P44_M,P44,MSP
A,7,A7,49,7,ComboA,7A,7A.49,P45_H,P45,HPA
B,7,B7,50,7,ComboA,7A,7A.50,P46_H,P46,HPA
C,7,C7,51,7,ComboA,7A,7A.51,P47_H,P47,HPA
D,7,D7,52,7,ComboA,7A,7A.52,P48_H,P48,HPA
E,7,E7,53,7,ComboA,7A,7A.53,P45_M,P45,MSP
F,7,F7,54,7,ComboA,7A,7A.54,P46_M,P46,MSP
G,7,G7,55,7,ComboA,7A,7A.55,P47_M,P47,MSP
H,7,H7,56,7,ComboA,7A,7A.56,P48_M,P48,MSP
A,8,A8,57,7,ComboA,7A,7A.57,P49_H,P49,HPA
B,8,B8,58,7,ComboA,7A,7A.58,P50_H,P50,HPA
C,8,C8,59,7,ComboA,7A,7A.59,P51_H,P51,HPA
D,8,D8,60,7,ComboA,7A,7A.60,P52_H,P52,HPA
E,8,E8,61,7,ComboA,7A,7A.61,P49_M,P49,MSP
F,8,F8,62,7,ComboA,7A,7A.62,P50_M,P50,MSP
G,8,G8,63,7,ComboA,7A,7A.63,P51_M,P51,MSP
H,8,H8,64,7,ComboA,7A,7A.64,P52_M,P52,MSP
A,9,A9,65,7,ComboA,7A,7A.65,P53_H,P53,HPA
B,9,B9,66,7,ComboA,7A,7A.66,P54_H,P54,HPA
C,9,C9,67,7,ComboA,7A,7A.67,P55_H,P55,HPA
D,9,D9,68,7,ComboA,7A,7A.68,P56_H,P56,HPA
E,9,E9,69,7,ComboA,7A,7A.69,P53_M,P53,MSP
F,9,F9,70,7,ComboA,7A,7A.70,P54_M,P54,MSP
G,9,G9,71,7,ComboA,7A,7A.71,P55_M,P55,MSP
H,9,H9,72,7,ComboA,7A,7A.72,P56_M,P56,MSP
A,10,A10,73,7,ComboA,7A,7A.73,P57_H,P57,HPA
B,10,B10,74,7,ComboA,7A,7A.74,P58_H,P58,HPA
C,10,C10,75,7,ComboA,7A,7A.75,P59_H,P59,HPA
D,10,D10,76,7,ComboA,7A,7A.76,P60_H,P60,HPA
E,10,E10,77,7,ComboA,7A,7A.77,P57_M,P57,MSP
F,10,F10,78,7,ComboA,7A,7A.78,P58_M,P58,MSP
G,10,G10,79,7,ComboA,7A,7A.79,P59_M,P59,MSP
H,10,H10,80,7,ComboA,7A,7A.80,P60_M,P60,MSP
A,11,A11,81,7,ComboA,7A,7A.81,P61_H,P61,HPA
B,11,B11,82,7,ComboA,7A,7A.82,P62_H,P62,HPA
C,11,C11,83,7,ComboA,7A,7A.83,P63_H,P63,HPA
D,11,D11,84,7,ComboA,7A,7A.84,P64_H,P64,HPA
E,11,E11,85,7,ComboA,7A,7A.85,P61_M,P61,MSP
F,11,F11,86,7,ComboA,7A,7A.86,P62_M,P62,MSP
G,11,G11,87,7,ComboA,7A,7A.87,P63_M,P63,MSP
H,11,H11,88,7,ComboA,7A,7A.88,P64_M,P64,MSP
A,1,A1,1,7,ComboB,7B,7B.1,P21_H,P21,HPA
B,1,B1,2,7,ComboB,7B,7B.2,P22_H,P22,HPA
C,1,C1,3,7,ComboB,7B,7B.3,P23_H,P23,HPA
D,1,D1,4,7,ComboB,7B,7B.4,P24_H,P24,HPA
E,1,E1,5,7,ComboB,7B,7B.5,P21_M,P21,MSP
F,1,F1,6,7,ComboB,7B,7B.6,P22_M,P22,MSP
G,1,G1,7,7,ComboB,7B,7B.7,P23_M,P23,MSP
H,1,H1,8,7,ComboB,7B,7B.8,P24_M,P24,MSP
A,2,A2,9,7,ComboB,7B,7B.9,P25_H,P25,HPA
B,2,B2,10,7,ComboB,7B,7B.10,P26_H,P26,HPA
C,2,C2,11,7,ComboB,7B,7B.11,P27_H,P27,HPA
D,2,D2,12,7,ComboB,7B,7B.12,P28_H,P28,HPA
E,2,E2,13,7,ComboB,7B,7B.13,P25_M,P25,MSP
F,2,F2,14,7,ComboB,7B,7B.14,P26_M,P26,MSP
G,2,G2,15,7,ComboB,7B,7B.15,P27_M,P27,MSP
H,2,H2,16,7,ComboB,7B,7B.16,P28_M,P28,MSP
A,3,A3,17,7,ComboB,7B,7B.17,P29_H,P29,HPA
B,3,B3,18,7,ComboB,7B,7B.18,P30_H,P30,HPA
C,3,C3,19,7,ComboB,7B,7B.19,P31_H,P31,HPA
D,3,D3,20,7,ComboB,7B,7B.20,P32_H,P32,HPA
E,3,E3,21,7,ComboB,7B,7B.21,P29_M,P29,MSP
F,3,F3,22,7,ComboB,7B,7B.22,P30_M,P30,MSP
G,3,G3,23,7,ComboB,7B,7B.23,P31_M,P31,MSP
H,3,H3,24,7,ComboB,7B,7B.24,P32_M,P32,MSP
A,4,A4,25,7,ComboB,7B,7B.25,P33_H,P33,HPA
B,4,B4,26,7,ComboB,7B,7B.26,P34_H,P34,HPA
C,4,C4,27,7,ComboB,7B,7B.27,P35_H,P35,HPA
D,4,D4,28,7,ComboB,7B,7B.28,P36_H,P36,HPA
E,4,E4,29,7,ComboB,7B,7B.29,P33_M,P33,MSP
F,4,F4,30,7,ComboB,7B,7B.30,P34_M,P34,MSP
G,4,G4,31,7,ComboB,7B,7B.31,P35_M,P35,MSP
H,4,H4,32,7,ComboB,7B,7B.32,P36_M,P36,MSP
A,5,A5,33,7,ComboB,7B,7B.33,P37_H,P37,HPA
B,5,B5,34,7,ComboB,7B,7B.34,P38_H,P38,HPA
C,5,C5,35,7,ComboB,7B,7B.35,P39_H,P39,HPA
D,5,D5,36,7,ComboB,7B,7B.36,P40_H,P40,HPA
E,5,E5,37,7,ComboB,7B,7B.37,P37_M,P37,MSP
F,5,F5,38,7,ComboB,7B,7B.38,P38_M,P38,MSP
G,5,G5,39,7,ComboB,7B,7B.39,P39_M,P39,MSP
H,5,H5,40,7,ComboB,7B,7B.40,P40_M,P40,MSP
A,6,A6,41,7,ComboB,7B,7B.41,P41_H,P41,HPA
B,6,B6,42,7,ComboB,7B,7B.42,P42_H,P42,HPA
C,6,C6,43,7,ComboB,7B,7B.43,P43_H,P43,HPA
D,6,D6,44,7,ComboB,7B,7B.44,P44_H,P44,HPA
E,6,E6,45,7,ComboB,7B,7B.45,P41_M,P41,MSP
F,6,F6,46,7,ComboB,7B,7B.46,P42_M,P42,MSP
G,6,G6,47,7,ComboB,7B,7B.47,P43_M,P43,MSP
H,6,H6,48,7,ComboB,7B,7B.48,P44_M,P44,MSP
A,7,A7,49,7,ComboB,7B,7B.49,P45_H,P45,HPA
B,7,B7,50,7,ComboB,7B,7B.50,P46_H,P46,HPA
C,7,C7,51,7,ComboB,7B,7B.51,P47_H,P47,HPA
D,7,D7,52,7,ComboB,7B,7B.52,P48_H,P48,HPA
E,7,E7,53,7,ComboB,7B,7B.53,P45_M,P45,MSP
F,7,F7,54,7,ComboB,7B,7B.54,P46_M,P46,MSP
G,7,G7,55,7,ComboB,7B,7B.55,P47_M,P47,MSP
H,7,H7,56,7,ComboB,7B,7B.56,P48_M,P48,MSP
A,8,A8,57,7,ComboB,7B,7B.57,P49_H,P49,HPA
B,8,B8,58,7,ComboB,7B,7B.58,P50_H,P50,HPA
C,8,C8,59,7,ComboB,7B,7B.59,P51_H,P51,HPA
D,8,D8,60,7,ComboB,7B,7B.60,P52_H,P52,HPA
E,8,E8,61,7,ComboB,7B,7B.61,P49_M,P49,MSP
F,8,F8,62,7,ComboB,7B,7B.62,P50_M,P50,MSP
G,8,G8,63,7,ComboB,7B,7B.63,P51_M,P51,MSP
H,8,H8,64,7,ComboB,7B,7B.64,P52_M,P52,MSP
A,9,A9,65,7,ComboB,7B,7B.65,P53_H,P53,HPA
B,9,B9,66,7,ComboB,7B,7B.66,P54_H,P54,HPA
C,9,C9,67,7,ComboB,7B,7B.67,P55_H,P55,HPA
D,9,D9,68,7,ComboB,7B,7B.68,P56_H,P56,HPA
E,9,E9,69,7,ComboB,7B,7B.69,P53_M,P53,MSP
F,9,F9,70,7,ComboB,7B,7B.70,P54_M,P54,MSP
G,9,G9,71,7,ComboB,7B,7B.71,P55_M,P55,MSP
H,9,H9,72,7,ComboB,7B,7B.72,P56_M,P56,MSP
A,10,A10,73,7,ComboB,7B,7B.73,P57_H,P57,HPA
B,10,B10,74,7,ComboB,7B,7B.74,P58_H,P58,HPA
C,10,C10,75,7,ComboB,7B,7B.75,P59_H,P59,HPA
D,10,D10,76,7,ComboB,7B,7B.76,P60_H,P60,HPA
E,10,E10,77,7,ComboB,7B,7B.77,P57_M,P57,MSP
F,10,F10,78,7,ComboB,7B,7B.78,P58_M,P58,MSP
G,10,G10,79,7,ComboB,7B,7B.79,P59_M,P59,MSP
H,10,H10,80,7,ComboB,7B,7B.80,P60_M,P60,MSP
A,11,A11,81,7,ComboB,7B,7B.81,P61_H,P61,HPA
B,11,B11,82,7,ComboB,7B,7B.82,P62_H,P62,HPA
C,11,C11,83,7,ComboB,7B,7B.83,P63_H,P63,HPA
D,11,D11,84,7,ComboB,7B,7B.84,P64_H,P64,HPA
E,11,E11,85,7,ComboB,7B,7B.85,P61_M,P61,MSP
F,11,F11,86,7,ComboB,7B,7B.86,P62_M,P62,MSP
G,11,G11,87,7,ComboB,7B,7B.87,P63_M,P63,MSP
H,11,H11,88,7,ComboB,7B,7B.88,P64_M,P64,MSP
A,1,A1,1,8,ComboA,8A,8A.1,P65_H,P65,HPA
B,1,B1,2,8,ComboA,8A,8A.2,P66_H,P66,HPA
C,1,C1,3,8,ComboA,8A,8A.3,P67_H,P67,HPA
D,1,D1,4,8,ComboA,8A,8A.4,P68_H,P68,HPA
E,1,E1,5,8,ComboA,8A,8A.5,P65_M,P65,MSP
F,1,F1,6,8,ComboA,8A,8A.6,P66_M,P66,MSP
G,1,G1,7,8,ComboA,8A,8A.7,P67_M,P67,MSP
H,1,H1,8,8,ComboA,8A,8A.8,P68_M,P68,MSP
A,2,A2,9,8,ComboA,8A,8A.9,P69_H,P69,HPA
B,2,B2,10,8,ComboA,8A,8A.10,P70_H,P70,HPA
C,2,C2,11,8,ComboA,8A,8A.11,P71_H,P71,HPA
D,2,D2,12,8,ComboA,8A,8A.12,P72_H,P72,HPA
E,2,E2,13,8,ComboA,8A,8A.13,P69_M,P69,MSP
F,2,F2,14,8,ComboA,8A,8A.14,P70_M,P70,MSP
G,2,G2,15,8,ComboA,8A,8A.15,P71_M,P71,MSP
H,2,H2,16,8,ComboA,8A,8A.16,P72_M,P72,MSP
A,3,A3,17,8,ComboA,8A,8A.17,P73_H,P73,HPA
B,3,B3,18,8,ComboA,8A,8A.18,P74_H,P74,HPA
C,3,C3,19,8,ComboA,8A,8A.19,P75_H,P75,HPA
D,3,D3,20,8,ComboA,8A,8A.20,P76_H,P76,HPA
E,3,E3,21,8,ComboA,8A,8A.21,P73_M,P73,MSP
F,3,F3,22,8,ComboA,8A,8A.22,P74_M,P74,MSP
G,3,G3,23,8,ComboA,8A,8A.23,P75_M,P75,MSP
H,3,H3,24,8,ComboA,8A,8A.24,P76_M,P76,MSP
A,4,A4,25,8,ComboA,8A,8A.25,P77_H,P77,HPA
B,4,B4,26,8,ComboA,8A,8A.26,P78_H,P78,HPA
C,4,C4,27,8,ComboA,8A,8A.27,P79_H,P79,HPA
D,4,D4,28,8,ComboA,8A,8A.28,P80_H,P80,HPA
E,4,E4,29,8,ComboA,8A,8A.29,P77_M,P77,MSP
F,4,F4,30,8,ComboA,8A,8A.30,P78_M,P78,MSP
G,4,G4,31,8,ComboA,8A,8A.31,P79_M,P79,MSP
H,4,H4,32,8,ComboA,8A,8A.32,P80_M,P80,MSP
A,5,A5,33,8,ComboA,8A,8A.33,P81_H,P81,HPA
B,5,B5,34,8,ComboA,8A,8A.34,P82_H,P82,HPA
C,5,C5,35,8,ComboA,8A,8A.35,P83_H,P83,HPA
D,5,D5,36,8,ComboA,8A,8A.36,P84_H,P84,HPA
E,5,E5,37,8,ComboA,8A,8A.37,P81_M,P81,MSP
F,5,F5,38,8,ComboA,8A,8A.38,P82_M,P82,MSP
G,5,G5,39,8,ComboA,8A,8A.39,P83_M,P83,MSP
H,5,H5,40,8,ComboA,8A,8A.40,P84_M,P84,MSP
A,6,A6,41,8,ComboA,8A,8A.41,P85_H,P85,HPA
B,6,B6,42,8,ComboA,8A,8A.42,P87_H,P87,HPA
C,6,C6,43,8,ComboA,8A,8A.43,P88_H,P88,HPA
E,6,E6,44,8,ComboA,8A,8A.44,P85_M,P85,MSP
F,6,F6,45,8,ComboA,8A,8A.45,P87_M,P87,MSP
G,6,G6,46,8,ComboA,8A,8A.46,P88_M,P88,MSP
A,7,A7,47,8,ComboA,8A,8A.47,P89_H,P89,HPA
B,7,B7,48,8,ComboA,8A,8A.48,P90_H,P90,HPA
C,7,C7,49,8,ComboA,8A,8A.49,P91_H,P91,HPA
D,7,D7,50,8,ComboA,8A,8A.50,P92_H,P92,HPA
E,7,E7,51,8,ComboA,8A,8A.51,P89_M,P89,MSP
F,7,F7,52,8,ComboA,8A,8A.52,P90_M,P90,MSP
G,7,G7,53,8,ComboA,8A,8A.53,P91_M,P91,MSP
H,7,H7,54,8,ComboA,8A,8A.54,P92_M,P92,MSP
A,8,A8,55,8,ComboA,8A,8A.55,P93_H,P93,HPA
B,8,B8,56,8,ComboA,8A,8A.56,P94_H,P94,HPA
C,8,C8,57,8,ComboA,8A,8A.57,P95_H,P95,HPA
D,8,D8,58,8,ComboA,8A,8A.58,P96_H,P96,HPA
E,8,E8,59,8,ComboA,8A,8A.59,P93_M,P93,MSP
F,8,F8,60,8,ComboA,8A,8A.60,P94_M,P94,MSP
G,8,G8,61,8,ComboA,8A,8A.61,P95_M,P95,MSP
H,8,H8,62,8,ComboA,8A,8A.62,P96_M,P96,MSP
A,9,A9,63,8,ComboA,8A,8A.63,P97_H,P97,HPA
B,9,B9,64,8,ComboA,8A,8A.64,P98_H,P98,HPA
C,9,C9,65,8,ComboA,8A,8A.65,P99_H,P99,HPA
D,9,D9,66,8,ComboA,8A,8A.66,P100_H,P100,HPA
E,9,E9,67,8,ComboA,8A,8A.67,P97_M,P97,MSP
F,9,F9,68,8,ComboA,8A,8A.68,P98_M,P98,MSP
G,9,G9,69,8,ComboA,8A,8A.69,P99_M,P99,MSP
H,9,H9,70,8,ComboA,8A,8A.70,P100_M,P100,MSP
A,10,A10,71,8,ComboA,8A,8A.71,P101_H,P101,HPA
B,10,B10,72,8,ComboA,8A,8A.72,P102_H,P102,HPA
C,10,C10,73,8,ComboA,8A,8A.73,P103_H,P103,HPA
D,10,D10,74,8,ComboA,8A,8A.74,P104_H,P104,HPA
E,10,E10,75,8,ComboA,8A,8A.75,P101_M,P101,MSP
F,10,F10,76,8,ComboA,8A,8A.76,P102_M,P102,MSP
G,10,G10,77,8,ComboA,8A,8A.77,P103_M,P103,MSP
H,10,H10,78,8,ComboA,8A,8A.78,P104_M,P104,MSP
A,11,A11,79,8,ComboA,8A,8A.79,P105_H,P105,HPA
B,11,B11,80,8,ComboA,8A,8A.80,P106_H,P106,HPA
C,11,C11,81,8,ComboA,8A,8A.81,P107_H,P107,HPA
D,11,D11,82,8,ComboA,8A,8A.82,P108_H,P108,HPA
E,11,E11,83,8,ComboA,8A,8A.83,P105_M,P105,MSP
F,11,F11,84,8,ComboA,8A,8A.84,P106_M,P106,MSP
G,11,G11,85,8,ComboA,8A,8A.85,P107_M,P107,MSP
H,11,H11,86,8,ComboA,8A,8A.86,P108_M,P108,MSP
A,1,A1,1,8,ComboB,8B,8B.1,P65_H,P65,HPA
B,1,B1,2,8,ComboB,8B,8B.2,P66_H,P66,HPA
C,1,C1,3,8,ComboB,8B,8B.3,P67_H,P67,HPA
D,1,D1,4,8,ComboB,8B,8B.4,P68_H,P68,HPA
E,1,E1,5,8,ComboB,8B,8B.5,P65_M,P65,MSP
F,1,F1,6,8,ComboB,8B,8B.6,P66_M,P66,MSP
G,1,G1,7,8,ComboB,8B,8B.7,P67_M,P67,MSP
H,1,H1,8,8,ComboB,8B,8B.8,P68_M,P68,MSP
A,2,A2,9,8,ComboB,8B,8B.9,P69_H,P69,HPA
B,2,B2,10,8,ComboB,8B,8B.10,P70_H,P70,HPA
C,2,C2,11,8,ComboB,8B,8B.11,P71_H,P71,HPA
D,2,D2,12,8,ComboB,8B,8B.12,P72_H,P72,HPA
E,2,E2,13,8,ComboB,8B,8B.13,P69_M,P69,MSP
F,2,F2,14,8,ComboB,8B,8B.14,P70_M,P70,MSP
G,2,G2,15,8,ComboB,8B,8B.15,P71_M,P71,MSP
H,2,H2,16,8,ComboB,8B,8B.16,P72_M,P72,MSP
A,3,A3,17,8,ComboB,8B,8B.17,P73_H,P73,HPA
B,3,B3,18,8,ComboB,8B,8B.18,P74_H,P74,HPA
C,3,C3,19,8,ComboB,8B,8B.19,P75_H,P75,HPA
D,3,D3,20,8,ComboB,8B,8B.20,P76_H,P76,HPA
E,3,E3,21,8,ComboB,8B,8B.21,P73_M,P73,MSP
F,3,F3,22,8,ComboB,8B,8B.22,P74_M,P74,MSP
G,3,G3,23,8,ComboB,8B,8B.23,P75_M,P75,MSP
H,3,H3,24,8,ComboB,8B,8B.24,P76_M,P76,MSP
A,4,A4,25,8,ComboB,8B,8B.25,P77_H,P77,HPA
B,4,B4,26,8,ComboB,8B,8B.26,P78_H,P78,HPA
C,4,C4,27,8,ComboB,8B,8B.27,P79_H,P79,HPA
D,4,D4,28,8,ComboB,8B,8B.28,P80_H,P80,HPA
E,4,E4,29,8,ComboB,8B,8B.29,P77_M,P77,MSP
F,4,F4,30,8,ComboB,8B,8B.30,P78_M,P78,MSP
G,4,G4,31,8,ComboB,8B,8B.31,P79_M,P79,MSP
H,4,H4,32,8,ComboB,8B,8B.32,P80_M,P80,MSP
A,5,A5,33,8,ComboB,8B,8B.33,P81_H,P81,HPA
B,5,B5,34,8,ComboB,8B,8B.34,P82_H,P82,HPA
C,5,C5,35,8,ComboB,8B,8B.35,P83_H,P83,HPA
D,5,D5,36,8,ComboB,8B,8B.36,P84_H,P84,HPA
E,5,E5,37,8,ComboB,8B,8B.37,P81_M,P81,MSP
F,5,F5,38,8,ComboB,8B,8B.38,P82_M,P82,MSP
G,5,G5,39,8,ComboB,8B,8B.39,P83_M,P83,MSP
H,5,H5,40,8,ComboB,8B,8B.40,P84_M,P84,MSP
A,6,A6,41,8,ComboB,8B,8B.41,P85_H,P85,HPA
B,6,B6,42,8,ComboB,8B,8B.42,P87_H,P87,HPA
C,6,C6,43,8,ComboB,8B,8B.43,P88_H,P88,HPA
E,6,E6,44,8,ComboB,8B,8B.44,P85_M,P85,MSP
F,6,F6,45,8,ComboB,8B,8B.45,P87_M,P87,MSP
G,6,G6,46,8,ComboB,8B,8B.46,P88_M,P88,MSP
A,7,A7,47,8,ComboB,8B,8B.47,P89_H,P89,HPA
B,7,B7,48,8,ComboB,8B,8B.48,P90_H,P90,HPA
C,7,C7,49,8,ComboB,8B,8B.49,P91_H,P91,HPA
D,7,D7,50,8,ComboB,8B,8B.50,P92_H,P92,HPA
E,7,E7,51,8,ComboB,8B,8B.51,P89_M,P89,MSP
F,7,F7,52,8,ComboB,8B,8B.52,P90_M,P90,MSP
G,7,G7,53,8,ComboB,8B,8B.53,P91_M,P91,MSP
H,7,H7,54,8,ComboB,8B,8B.54,P92_M,P92,MSP
A,8,A8,55,8,ComboB,8B,8B.55,P93_H,P93,HPA
B,8,B8,56,8,ComboB,8B,8B.56,P94_H,P94,HPA
C,8,C8,57,8,ComboB,8B,8B.57,P95_H,P95,HPA
D,8,D8,58,8,ComboB,8B,8B.58,P96_H,P96,HPA
E,8,E8,59,8,ComboB,8B,8B.59,P93_M,P93,MSP
F,8,F8,60,8,ComboB,8B,8B.60,P94_M,P94,MSP
G,8,G8,61,8,ComboB,8B,8B.61,P95_M,P95,MSP
H,8,H8,62,8,ComboB,8B,8B.62,P96_M,P96,MSP
A,9,A9,63,8,ComboB,8B,8B.63,P97_H,P97,HPA
B,9,B9,64,8,ComboB,8B,8B.64,P98_H,P98,HPA
C,9,C9,65,8,ComboB,8B,8B.65,P99_H,P99,HPA
D,9,D9,66,8,ComboB,8B,8B.66,P100_H,P100,HPA
E,9,E9,67,8,ComboB,8B,8B.67,P97_M,P97,MSP
F,9,F9,68,8,ComboB,8B,8B.68,P98_M,P98,MSP
G,9,G9,69,8,ComboB,8B,8B.69,P99_M,P99,MSP
H,9,H9,70,8,ComboB,8B,8B.70,P100_M,P100,MSP
A,10,A10,71,8,ComboB,8B,8B.71,P101_H,P101,HPA
B,10,B10,72,8,ComboB,8B,8B.72,P102_H,P102,HPA
C,10,C10,73,8,ComboB,8B,8B.73,P103_H,P103,HPA
D,10,D10,74,8,ComboB,8B,8B.74,P104_H,P104,HPA
E,10,E10,75,8,ComboB,8B,8B.75,P101_M,P101,MSP
F,10,F10,76,8,ComboB,8B,8B.76,P102_M,P102,MSP
G,10,G10,77,8,ComboB,8B,8B.77,P103_M,P103,MSP
H,10,H10,78,8,ComboB,8B,8B.78,P104_M,P104,MSP
A,11,A11,79,8,ComboB,8B,8B.79,P105_H,P105,HPA
B,11,B11,80,8,ComboB,8B,8B.80,P106_H,P106,HPA
C,11,C11,81,8,ComboB,8B,8B.81,P107_H,P107,HPA
D,11,D11,82,8,ComboB,8B,8B.82,P108_H,P108,HPA
E,11,E11,83,8,ComboB,8B,8B.83,P105_M,P105,MSP
F,11,F11,84,8,ComboB,8B,8B.84,P106_M,P106,MSP
G,11,G11,85,8,ComboB,8B,8B.85,P107_M,P107,MSP
H,11,H11,86,8,ComboB,8B,8B.86,P108_M,P108,MSP
