Row,Column,Well,Set,Plate,Wavelength,A562,Input,RandN,Fraction
A,1,A1,1,1A,562,2.481,Standard,St_A,C
B,1,B1,1,1A,562,1.969,Standard,St_B,C
C,1,C1,1,1A,562,1.46,Standard,St_C,C
D,1,D1,1,1A,562,1.155,Standard,St_D,C
E,1,E1,1,1A,562,0.847,Standard,St_E,C
F,1,F1,1,1A,562,0.496,Standard,St_F,C
G,1,G1,1,1A,562,0.307,Standard,St_G,C
H,1,H1,1,1A,562,0.14,Standard,St_H,C
A,2,A2,1,1A,562,0.098,Standard,St_I,C
B,2,B2,1,1A,562,1.032,Un,1,C
C,2,C2,1,1A,562,0.919,Un,2,C
D,2,D2,1,1A,562,1.037,Un,3,C
E,2,E2,1,1A,562,0.884,Un,4,C
F,2,F2,1,1A,562,0.52,Un,5,C
G,2,G2,1,1A,562,0.897,Un,6,C
H,2,H2,1,1A,562,1.056,Un,7,C
A,3,A3,1,1A,562,0.654,Un,8,C
B,3,B3,1,1A,562,1.014,Un,9,C
C,3,C3,1,1A,562,0.905,Un,10,C
D,3,D3,1,1A,562,0.562,Un,11,C
E,3,E3,1,1A,562,0.94,Un,12,C
F,3,F3,1,1A,562,0.95,Un,13,C
G,3,G3,1,1A,562,1.012,Un,14,C
H,3,H3,1,1A,562,0.825,Un,15,C
A,4,A4,1,1A,562,1.252,Un,16,C
B,4,B4,1,1A,562,0.978,Un,17,C
C,4,C4,1,1A,562,0.712,Un,18,C
D,4,D4,1,1A,562,0.909,Un,19,C
E,4,E4,1,1A,562,0.916,Un,20,C
F,4,F4,1,1A,562,1.142,Un,21,C
G,4,G4,1,1A,562,1.151,Un,23,C
H,4,H4,1,1A,562,0.878,Un,24,C
A,5,A5,1,1A,562,1.163,Un,25,C
B,5,B5,1,1A,562,0.534,Un,26,C
C,5,C5,1,1A,562,0.952,Un,27,C
D,5,D5,1,1A,562,1.113,Un,28,C
E,5,E5,1,1A,562,1.44,Un,29,C
F,5,F5,1,1A,562,1.026,Un,30,C
G,5,G5,1,1A,562,0.521,Un,31,C
H,5,H5,1,1A,562,0.808,Un,32,C
A,6,A6,1,1A,562,0.589,Un,33,C
B,6,B6,1,1A,562,0.81,Un,34,C
C,6,C6,1,1A,562,0.874,Un,35,C
D,6,D6,1,1A,562,0.636,Un,36,C
E,6,E6,1,1A,562,1.092,Un,37,C
F,6,F6,1,1A,562,0.788,Un,38,C
A,7,A7,1,1A,562,0.859,Un,41,C
B,7,B7,1,1A,562,1.026,Un,42,C
C,7,C7,1,1A,562,0.558,Un,44,C
D,7,D7,1,1A,562,0.965,Un,45,C
E,7,E7,1,1A,562,0.699,Un,46,C
F,7,F7,1,1A,562,0.702,Un,47,C
G,7,G7,1,1A,562,0.744,Un,48,C
H,7,H7,1,1A,562,0.985,Un,49,C
A,8,A8,1,1A,562,0.96,Un,50,C
B,8,B8,1,1A,562,1.262,Un,51,C
C,8,C8,1,1A,562,0.804,Un,52,C
D,8,D8,1,1A,562,0.842,Un,53,C
E,8,E8,1,1A,562,0.634,Un,54,C
F,8,F8,1,1A,562,0.546,Un,56,C
G,8,G8,1,1A,562,0.68,Un,57,C
H,8,H8,1,1A,562,1.305,Un,58,C
A,9,A9,1,1A,562,1.227,Un,59,C
B,9,B9,1,1A,562,1.5,Un,60,C
C,9,C9,1,1A,562,0.917,Un,61,C
D,9,D9,1,1A,562,0.904,Un,62,C
E,9,E9,1,1A,562,0.832,Un,63,C
F,9,F9,1,1A,562,0.555,Un,64,C
G,9,G9,1,1A,562,0.893,Un,65,C
H,9,H9,1,1A,562,0.935,Un,66,C
A,10,A10,1,1A,562,1.206,Un,67,C
B,10,B10,1,1A,562,0.997,Un,68,C
C,10,C10,1,1A,562,1.106,Un,69,C
D,10,D10,1,1A,562,1.138,Un,70,C
E,10,E10,1,1A,562,1.146,Un,71,C
F,10,F10,1,1A,562,1.238,Un,72,C
G,10,G10,1,1A,562,1.141,Un,73,C
H,10,H10,1,1A,562,0.91,Un,74,C
A,11,A11,1,1A,562,0.836,Un,75,C
B,11,B11,1,1A,562,1.345,Un,77,C
C,11,C11,1,1A,562,1.011,Un,78,C
D,11,D11,1,1A,562,0.737,Un,79,C
E,11,E11,1,1A,562,0.862,Un,80,C
F,11,F11,1,1A,562,1.125,Un,82,C
G,11,G11,1,1A,562,0.911,Un,83,C
H,11,H11,1,1A,562,1.265,Un,84,C
C,12,C12,1,1A,562,0.827,Un,40,C
D,12,D12,1,1A,562,1.102,Un,39,C
A,1,A1,1,1B,562,2.438,Standard,St_A,C
B,1,B1,1,1B,562,1.859,Standard,St_B,C
C,1,C1,1,1B,562,1.349,Standard,St_C,C
D,1,D1,1,1B,562,1.105,Standard,St_D,C
E,1,E1,1,1B,562,0.801,Standard,St_E,C
F,1,F1,1,1B,562,0.475,Standard,St_F,C
G,1,G1,1,1B,562,0.331,Standard,St_G,C
H,1,H1,1,1B,562,0.136,Standard,St_H,C
A,2,A2,1,1B,562,0.098,Standard,St_I,C
B,2,B2,1,1B,562,1.022,Un,1,C
C,2,C2,1,1B,562,0.896,Un,2,C
D,2,D2,1,1B,562,0.989,Un,3,C
E,2,E2,1,1B,562,0.848,Un,4,C
F,2,F2,1,1B,562,0.508,Un,5,C
G,2,G2,1,1B,562,0.894,Un,6,C
H,2,H2,1,1B,562,1.039,Un,7,C
A,3,A3,1,1B,562,0.654,Un,8,C
B,3,B3,1,1B,562,0.977,Un,9,C
C,3,C3,1,1B,562,0.891,Un,10,C
D,3,D3,1,1B,562,0.563,Un,11,C
E,3,E3,1,1B,562,0.916,Un,12,C
F,3,F3,1,1B,562,0.907,Un,13,C
G,3,G3,1,1B,562,1.007,Un,14,C
H,3,H3,1,1B,562,0.79,Un,15,C
A,4,A4,1,1B,562,1.205,Un,16,C
B,4,B4,1,1B,562,0.98,Un,17,C
C,4,C4,1,1B,562,0.696,Un,18,C
D,4,D4,1,1B,562,0.919,Un,19,C
E,4,E4,1,1B,562,0.873,Un,20,C
F,4,F4,1,1B,562,1.094,Un,21,C
G,4,G4,1,1B,562,1.135,Un,23,C
H,4,H4,1,1B,562,0.832,Un,24,C
A,5,A5,1,1B,562,1.156,Un,25,C
B,5,B5,1,1B,562,0.537,Un,26,C
C,5,C5,1,1B,562,0.937,Un,27,C
D,5,D5,1,1B,562,1.079,Un,28,C
E,5,E5,1,1B,562,1.464,Un,29,C
F,5,F5,1,1B,562,0.924,Un,30,C
G,5,G5,1,1B,562,0.521,Un,31,C
H,5,H5,1,1B,562,0.793,Un,32,C
A,6,A6,1,1B,562,0.581,Un,33,C
B,6,B6,1,1B,562,0.796,Un,34,C
C,6,C6,1,1B,562,0.869,Un,35,C
D,6,D6,1,1B,562,0.649,Un,36,C
E,6,E6,1,1B,562,1.064,Un,37,C
F,6,F6,1,1B,562,0.791,Un,38,C
A,7,A7,1,1B,562,0.896,Un,41,C
B,7,B7,1,1B,562,1.027,Un,42,C
C,7,C7,1,1B,562,0.543,Un,44,C
D,7,D7,1,1B,562,0.97,Un,45,C
E,7,E7,1,1B,562,0.674,Un,46,C
F,7,F7,1,1B,562,0.663,Un,47,C
G,7,G7,1,1B,562,0.693,Un,48,C
H,7,H7,1,1B,562,1.011,Un,49,C
A,8,A8,1,1B,562,0.951,Un,50,C
B,8,B8,1,1B,562,1.178,Un,51,C
C,8,C8,1,1B,562,0.777,Un,52,C
D,8,D8,1,1B,562,0.8,Un,53,C
E,8,E8,1,1B,562,0.641,Un,54,C
F,8,F8,1,1B,562,0.534,Un,56,C
G,8,G8,1,1B,562,0.693,Un,57,C
H,8,H8,1,1B,562,1.271,Un,58,C
A,9,A9,1,1B,562,1.094,Un,59,C
B,9,B9,1,1B,562,1.492,Un,60,C
C,9,C9,1,1B,562,0.925,Un,61,C
D,9,D9,1,1B,562,0.907,Un,62,C
E,9,E9,1,1B,562,0.844,Un,63,C
F,9,F9,1,1B,562,0.595,Un,64,C
G,9,G9,1,1B,562,0.905,Un,65,C
H,9,H9,1,1B,562,0.913,Un,66,C
A,10,A10,1,1B,562,1.086,Un,67,C
B,10,B10,1,1B,562,0.986,Un,68,C
C,10,C10,1,1B,562,1.082,Un,69,C
D,10,D10,1,1B,562,1.137,Un,70,C
E,10,E10,1,1B,562,1.229,Un,71,C
F,10,F10,1,1B,562,1.111,Un,72,C
G,10,G10,1,1B,562,1.146,Un,73,C
H,10,H10,1,1B,562,0.959,Un,74,C
A,11,A11,1,1B,562,0.775,Un,75,C
B,11,B11,1,1B,562,1.359,Un,77,C
C,11,C11,1,1B,562,0.986,Un,78,C
D,11,D11,1,1B,562,0.801,Un,79,C
E,11,E11,1,1B,562,0.902,Un,80,C
F,11,F11,1,1B,562,0.992,Un,82,C
G,11,G11,1,1B,562,0.896,Un,83,C
H,11,H11,1,1B,562,1.288,Un,84,C
C,12,C12,1,1B,562,0.822,Un,40,C
D,12,D12,1,1B,562,1.099,Un,39,C
A,1,A1,1,1C,562,2.512,Standard,St_A,C
B,1,B1,1,1C,562,1.976,Standard,St_B,C
C,1,C1,1,1C,562,1.416,Standard,St_C,C
D,1,D1,1,1C,562,1.13,Standard,St_D,C
E,1,E1,1,1C,562,0.826,Standard,St_E,C
F,1,F1,1,1C,562,0.492,Standard,St_F,C
G,1,G1,1,1C,562,0.308,Standard,St_G,C
H,1,H1,1,1C,562,0.137,Standard,St_H,C
A,2,A2,1,1C,562,0.102,Standard,St_I,C
B,2,B2,1,1C,562,0.973,Un,1,C
C,2,C2,1,1C,562,0.901,Un,2,C
D,2,D2,1,1C,562,0.954,Un,3,C
E,2,E2,1,1C,562,0.864,Un,4,C
F,2,F2,1,1C,562,0.515,Un,5,C
G,2,G2,1,1C,562,0.898,Un,6,C
H,2,H2,1,1C,562,1.057,Un,7,C
A,3,A3,1,1C,562,0.681,Un,8,C
B,3,B3,1,1C,562,0.992,Un,9,C
C,3,C3,1,1C,562,0.902,Un,10,C
D,3,D3,1,1C,562,0.573,Un,11,C
E,3,E3,1,1C,562,0.919,Un,12,C
F,3,F3,1,1C,562,0.915,Un,13,C
G,3,G3,1,1C,562,0.975,Un,14,C
H,3,H3,1,1C,562,0.813,Un,15,C
A,4,A4,1,1C,562,1.197,Un,16,C
B,4,B4,1,1C,562,1.003,Un,17,C
C,4,C4,1,1C,562,0.705,Un,18,C
D,4,D4,1,1C,562,0.918,Un,19,C
E,4,E4,1,1C,562,0.841,Un,20,C
F,4,F4,1,1C,562,1.101,Un,21,C
G,4,G4,1,1C,562,1.099,Un,23,C
H,4,H4,1,1C,562,0.854,Un,24,C
A,5,A5,1,1C,562,1.091,Un,25,C
B,5,B5,1,1C,562,0.56,Un,26,C
C,5,C5,1,1C,562,0.946,Un,27,C
D,5,D5,1,1C,562,1.124,Un,28,C
E,5,E5,1,1C,562,1.439,Un,29,C
F,5,F5,1,1C,562,0.941,Un,30,C
G,5,G5,1,1C,562,0.538,Un,31,C
H,5,H5,1,1C,562,0.682,Un,32,C
A,6,A6,1,1C,562,0.59,Un,33,C
B,6,B6,1,1C,562,0.786,Un,34,C
C,6,C6,1,1C,562,0.854,Un,35,C
D,6,D6,1,1C,562,0.645,Un,36,C
E,6,E6,1,1C,562,1.057,Un,37,C
F,6,F6,1,1C,562,0.827,Un,38,C
A,7,A7,1,1C,562,0.844,Un,41,C
B,7,B7,1,1C,562,0.993,Un,42,C
C,7,C7,1,1C,562,0.517,Un,44,C
D,7,D7,1,1C,562,0.902,Un,45,C
E,7,E7,1,1C,562,0.648,Un,46,C
F,7,F7,1,1C,562,0.667,Un,47,C
G,7,G7,1,1C,562,0.669,Un,48,C
H,7,H7,1,1C,562,0.961,Un,49,C
A,8,A8,1,1C,562,0.931,Un,50,C
B,8,B8,1,1C,562,1.151,Un,51,C
C,8,C8,1,1C,562,0.742,Un,52,C
D,8,D8,1,1C,562,0.78,Un,53,C
E,8,E8,1,1C,562,0.604,Un,54,C
F,8,F8,1,1C,562,0.519,Un,56,C
G,8,G8,1,1C,562,0.714,Un,57,C
H,8,H8,1,1C,562,1.192,Un,58,C
A,9,A9,1,1C,562,1.115,Un,59,C
B,9,B9,1,1C,562,1.326,Un,60,C
C,9,C9,1,1C,562,0.833,Un,61,C
D,9,D9,1,1C,562,0.868,Un,62,C
E,9,E9,1,1C,562,0.846,Un,63,C
F,9,F9,1,1C,562,0.593,Un,64,C
G,9,G9,1,1C,562,0.828,Un,65,C
H,9,H9,1,1C,562,0.949,Un,66,C
A,10,A10,1,1C,562,1.123,Un,67,C
B,10,B10,1,1C,562,0.99,Un,68,C
C,10,C10,1,1C,562,1.106,Un,69,C
D,10,D10,1,1C,562,1.121,Un,70,C
E,10,E10,1,1C,562,1.242,Un,71,C
F,10,F10,1,1C,562,1.234,Un,72,C
G,10,G10,1,1C,562,1.219,Un,73,C
H,10,H10,1,1C,562,0.92,Un,74,C
A,11,A11,1,1C,562,0.832,Un,75,C
B,11,B11,1,1C,562,1.265,Un,77,C
C,11,C11,1,1C,562,0.902,Un,78,C
D,11,D11,1,1C,562,0.691,Un,79,C
E,11,E11,1,1C,562,1.129,Un,80,C
F,11,F11,1,1C,562,1.088,Un,82,C
G,11,G11,1,1C,562,0.907,Un,83,C
H,11,H11,1,1C,562,1.282,Un,84,C
C,12,C12,1,1C,562,0.76,Un,40,C
D,12,D12,1,1C,562,1.111,Un,39,C
A,1,A1,2,2A,562,2.395,Standard,St_A,C
B,1,B1,2,2A,562,1.803,Standard,St_B,C
C,1,C1,2,2A,562,1.342,Standard,St_C,C
D,1,D1,2,2A,562,1.036,Standard,St_D,C
E,1,E1,2,2A,562,0.804,Standard,St_E,C
F,1,F1,2,2A,562,0.486,Standard,St_F,C
G,1,G1,2,2A,562,0.293,Standard,St_G,C
H,1,H1,2,2A,562,0.131,Standard,St_H,C
A,2,A2,2,2A,562,0.102,Standard,St_I,C
B,2,B2,2,2A,562,1.305,Un,85,C
C,2,C2,2,2A,562,0.618,Un,86,C
D,2,D2,2,2A,562,0.969,Un,87,C
E,2,E2,2,2A,562,0.7,Un,88,C
F,2,F2,2,2A,562,0.614,Un,89,C
G,2,G2,2,2A,562,1.058,Un,90,C
H,2,H2,2,2A,562,0.634,Un,91,C
A,3,A3,2,2A,562,0.989,Un,92,C
B,3,B3,2,2A,562,0.965,Un,93,C
C,3,C3,2,2A,562,0.887,Un,94,C
D,3,D3,2,2A,562,0.662,Un,96,C
E,3,E3,2,2A,562,0.91,Un,98,C
F,3,F3,2,2A,562,0.971,Un,99,C
G,3,G3,2,2A,562,1.013,Un,100,C
H,3,H3,2,2A,562,0.877,Un,101,C
A,4,A4,2,2A,562,1.163,Un,102,C
B,4,B4,2,2A,562,0.838,Un,103,C
C,4,C4,2,2A,562,0.698,Un,104,C
D,4,D4,2,2A,562,0.744,Un,105,C
E,4,E4,2,2A,562,1.264,Un,106,C
F,4,F4,2,2A,562,1.158,Un,107,C
G,4,G4,2,2A,562,0.808,Un,108,C
H,4,H4,2,2A,562,0.809,Un,109,C
A,5,A5,2,2A,562,1.433,Un,110,C
B,5,B5,2,2A,562,0.47,Un,111,C
C,5,C5,2,2A,562,0.654,Un,112,C
D,5,D5,2,2A,562,1.063,Un,113,C
E,5,E5,2,2A,562,0.786,Un,114,C
F,5,F5,2,2A,562,0.711,Un,116,C
G,5,G5,2,2A,562,0.815,Un,117,C
H,5,H5,2,2A,562,0.292,Un,119,C
A,6,A6,2,2A,562,0.678,Un,120,C
B,6,B6,2,2A,562,1.084,Un,121,C
C,6,C6,2,2A,562,0.995,Un,122,C
D,6,D6,2,2A,562,1.347,Un,123,C
E,6,E6,2,2A,562,1.009,Un,124,C
F,6,F6,2,2A,562,0.589,Un,125,C
G,6,G6,2,2A,562,0.719,Un,126,C
H,6,H6,2,2A,562,0.77,Un,127,C
A,7,A7,2,2A,562,0.948,Un,128,C
B,7,B7,2,2A,562,0.731,Un,129,C
C,7,C7,2,2A,562,1.534,Un,130,C
D,7,D7,2,2A,562,0.728,Un,131,C
E,7,E7,2,2A,562,0.426,Un,132,C
F,7,F7,2,2A,562,0.727,Un,133,C
G,7,G7,2,2A,562,0.858,Un,134,C
H,7,H7,2,2A,562,0.631,Un,135,C
A,8,A8,2,2A,562,0.842,Un,136,C
B,8,B8,2,2A,562,0.754,Un,137,C
C,8,C8,2,2A,562,0.743,Un,138,C
D,8,D8,2,2A,562,0.673,Un,139,C
E,8,E8,2,2A,562,0.641,Un,140,C
F,8,F8,2,2A,562,0.666,Un,141,C
G,8,G8,2,2A,562,0.738,Un,142,C
H,8,H8,2,2A,562,0.664,Un,143,C
A,9,A9,2,2A,562,0.623,Un,144,C
B,9,B9,2,2A,562,0.761,Un,145,C
C,9,C9,2,2A,562,0.785,Un,146,C
D,9,D9,2,2A,562,0.78,Un,147,C
E,9,E9,2,2A,562,0.892,Un,148,C
F,9,F9,2,2A,562,0.621,Un,149,C
G,9,G9,2,2A,562,0.814,Un,150,C
H,9,H9,2,2A,562,1.004,Un,151,C
A,10,A10,2,2A,562,0.755,Un,152,C
B,10,B10,2,2A,562,0.872,Un,153,C
C,10,C10,2,2A,562,0.822,Un,154,C
D,10,D10,2,2A,562,0.946,Un,155,C
E,10,E10,2,2A,562,0.723,Un,156,C
F,10,F10,2,2A,562,0.691,Un,157,C
G,10,G10,2,2A,562,0.92,Un,158,C
H,10,H10,2,2A,562,0.818,Un,159,C
A,11,A11,2,2A,562,0.753,Un,160,C
B,11,B11,2,2A,562,0.738,Un,161,C
C,11,C11,2,2A,562,0.661,Un,162,C
D,11,D11,2,2A,562,0.848,Un,163,C
E,11,E11,2,2A,562,0.726,Un,164,C
F,11,F11,2,2A,562,0.856,Un,165,C
G,11,G11,2,2A,562,0.849,Un,166,C
H,11,H11,2,2A,562,0.823,Un,167,C
A,1,A1,2,2B,562,2.323,Standard,St_A,C
B,1,B1,2,2B,562,1.672,Standard,St_B,C
C,1,C1,2,2B,562,1.32,Standard,St_C,C
D,1,D1,2,2B,562,1.146,Standard,St_D,C
E,1,E1,2,2B,562,0.822,Standard,St_E,C
F,1,F1,2,2B,562,0.488,Standard,St_F,C
G,1,G1,2,2B,562,0.303,Standard,St_G,C
H,1,H1,2,2B,562,0.129,Standard,St_H,C
A,2,A2,2,2B,562,0.097,Standard,St_I,C
B,2,B2,2,2B,562,1.286,Un,85,C
C,2,C2,2,2B,562,0.632,Un,86,C
D,2,D2,2,2B,562,0.96,Un,87,C
E,2,E2,2,2B,562,0.718,Un,88,C
F,2,F2,2,2B,562,0.634,Un,89,C
G,2,G2,2,2B,562,1.131,Un,90,C
H,2,H2,2,2B,562,0.619,Un,91,C
A,3,A3,2,2B,562,0.985,Un,92,C
B,3,B3,2,2B,562,0.982,Un,93,C
C,3,C3,2,2B,562,0.904,Un,94,C
D,3,D3,2,2B,562,0.659,Un,96,C
E,3,E3,2,2B,562,0.924,Un,98,C
F,3,F3,2,2B,562,0.932,Un,99,C
G,3,G3,2,2B,562,0.934,Un,100,C
H,3,H3,2,2B,562,0.926,Un,101,C
A,4,A4,2,2B,562,1.227,Un,102,C
B,4,B4,2,2B,562,0.866,Un,103,C
C,4,C4,2,2B,562,0.717,Un,104,C
D,4,D4,2,2B,562,0.768,Un,105,C
E,4,E4,2,2B,562,1.337,Un,106,C
F,4,F4,2,2B,562,1.193,Un,107,C
G,4,G4,2,2B,562,0.804,Un,108,C
H,4,H4,2,2B,562,0.834,Un,109,C
A,5,A5,2,2B,562,1.476,Un,110,C
B,5,B5,2,2B,562,0.475,Un,111,C
C,5,C5,2,2B,562,0.702,Un,112,C
D,5,D5,2,2B,562,1.153,Un,113,C
E,5,E5,2,2B,562,0.743,Un,114,C
F,5,F5,2,2B,562,0.732,Un,116,C
G,5,G5,2,2B,562,0.847,Un,117,C
H,5,H5,2,2B,562,0.296,Un,119,C
A,6,A6,2,2B,562,0.666,Un,120,C
B,6,B6,2,2B,562,1.168,Un,121,C
C,6,C6,2,2B,562,0.951,Un,122,C
D,6,D6,2,2B,562,1.344,Un,123,C
E,6,E6,2,2B,562,0.972,Un,124,C
F,6,F6,2,2B,562,0.615,Un,125,C
G,6,G6,2,2B,562,0.764,Un,126,C
H,6,H6,2,2B,562,0.755,Un,127,C
A,7,A7,2,2B,562,1.028,Un,128,C
B,7,B7,2,2B,562,0.734,Un,129,C
C,7,C7,2,2B,562,0.841,Un,130,C
D,7,D7,2,2B,562,0.803,Un,131,C
E,7,E7,2,2B,562,0.46,Un,132,C
F,7,F7,2,2B,562,0.7,Un,133,C
G,7,G7,2,2B,562,0.829,Un,134,C
H,7,H7,2,2B,562,0.68,Un,135,C
A,8,A8,2,2B,562,0.832,Un,136,C
B,8,B8,2,2B,562,0.721,Un,137,C
C,8,C8,2,2B,562,0.744,Un,138,C
D,8,D8,2,2B,562,0.737,Un,139,C
E,8,E8,2,2B,562,0.609,Un,140,C
F,8,F8,2,2B,562,0.685,Un,141,C
G,8,G8,2,2B,562,0.75,Un,142,C
H,8,H8,2,2B,562,0.711,Un,143,C
A,9,A9,2,2B,562,0.589,Un,144,C
B,9,B9,2,2B,562,0.821,Un,145,C
C,9,C9,2,2B,562,0.809,Un,146,C
D,9,D9,2,2B,562,0.763,Un,147,C
E,9,E9,2,2B,562,0.873,Un,148,C
F,9,F9,2,2B,562,0.573,Un,149,C
G,9,G9,2,2B,562,0.835,Un,150,C
H,9,H9,2,2B,562,1.004,Un,151,C
A,10,A10,2,2B,562,0.754,Un,152,C
B,10,B10,2,2B,562,0.902,Un,153,C
C,10,C10,2,2B,562,0.755,Un,154,C
D,10,D10,2,2B,562,0.916,Un,155,C
E,10,E10,2,2B,562,0.732,Un,156,C
F,10,F10,2,2B,562,0.745,Un,157,C
G,10,G10,2,2B,562,0.846,Un,158,C
H,10,H10,2,2B,562,0.817,Un,159,C
A,11,A11,2,2B,562,0.733,Un,160,C
B,11,B11,2,2B,562,0.767,Un,161,C
C,11,C11,2,2B,562,0.727,Un,162,C
D,11,D11,2,2B,562,0.834,Un,163,C
E,11,E11,2,2B,562,0.749,Un,164,C
F,11,F11,2,2B,562,0.8,Un,165,C
G,11,G11,2,2B,562,0.849,Un,166,C
H,11,H11,2,2B,562,0.797,Un,167,C
A,1,A1,2,2C,562,2.074,Standard,St_A,C
B,1,B1,2,2C,562,1.774,Standard,St_B,C
C,1,C1,2,2C,562,1.317,Standard,St_C,C
D,1,D1,2,2C,562,1.075,Standard,St_D,C
E,1,E1,2,2C,562,0.764,Standard,St_E,C
F,1,F1,2,2C,562,0.452,Standard,St_F,C
G,1,G1,2,2C,562,0.281,Standard,St_G,C
H,1,H1,2,2C,562,0.136,Standard,St_H,C
A,2,A2,2,2C,562,0.096,Standard,St_I,C
B,2,B2,2,2C,562,1.283,Un,85,C
C,2,C2,2,2C,562,0.599,Un,86,C
D,2,D2,2,2C,562,0.957,Un,87,C
E,2,E2,2,2C,562,0.686,Un,88,C
F,2,F2,2,2C,562,0.607,Un,89,C
G,2,G2,2,2C,562,1.045,Un,90,C
H,2,H2,2,2C,562,0.637,Un,91,C
A,3,A3,2,2C,562,0.861,Un,92,C
B,3,B3,2,2C,562,0.86,Un,93,C
C,3,C3,2,2C,562,0.843,Un,94,C
D,3,D3,2,2C,562,0.608,Un,96,C
E,3,E3,2,2C,562,0.891,Un,98,C
F,3,F3,2,2C,562,0.907,Un,99,C
G,3,G3,2,2C,562,0.977,Un,100,C
H,3,H3,2,2C,562,0.852,Un,101,C
A,4,A4,2,2C,562,1.206,Un,102,C
B,4,B4,2,2C,562,0.871,Un,103,C
C,4,C4,2,2C,562,0.681,Un,104,C
D,4,D4,2,2C,562,0.757,Un,105,C
E,4,E4,2,2C,562,1.159,Un,106,C
F,4,F4,2,2C,562,1.127,Un,107,C
G,4,G4,2,2C,562,0.765,Un,108,C
H,4,H4,2,2C,562,0.796,Un,109,C
A,5,A5,2,2C,562,1.411,Un,110,C
B,5,B5,2,2C,562,0.438,Un,111,C
C,5,C5,2,2C,562,0.693,Un,112,C
D,5,D5,2,2C,562,1.078,Un,113,C
E,5,E5,2,2C,562,0.731,Un,114,C
F,5,F5,2,2C,562,0.686,Un,116,C
G,5,G5,2,2C,562,0.779,Un,117,C
H,5,H5,2,2C,562,0.268,Un,119,C
A,6,A6,2,2C,562,0.771,Un,120,C
B,6,B6,2,2C,562,1.094,Un,121,C
C,6,C6,2,2C,562,0.938,Un,122,C
D,6,D6,2,2C,562,0.902,Un,123,C
E,6,E6,2,2C,562,0.954,Un,124,C
F,6,F6,2,2C,562,0.576,Un,125,C
G,6,G6,2,2C,562,0.747,Un,126,C
H,6,H6,2,2C,562,0.752,Un,127,C
A,7,A7,2,2C,562,0.98,Un,128,C
B,7,B7,2,2C,562,0.719,Un,129,C
C,7,C7,2,2C,562,0.705,Un,130,C
D,7,D7,2,2C,562,0.683,Un,131,C
E,7,E7,2,2C,562,0.441,Un,132,C
F,7,F7,2,2C,562,0.689,Un,133,C
G,7,G7,2,2C,562,0.916,Un,134,C
H,7,H7,2,2C,562,0.667,Un,135,C
A,8,A8,2,2C,562,0.797,Un,136,C
B,8,B8,2,2C,562,0.719,Un,137,C
C,8,C8,2,2C,562,0.737,Un,138,C
D,8,D8,2,2C,562,0.65,Un,139,C
E,8,E8,2,2C,562,0.66,Un,140,C
F,8,F8,2,2C,562,0.686,Un,141,C
G,8,G8,2,2C,562,0.673,Un,142,C
H,8,H8,2,2C,562,0.628,Un,143,C
A,9,A9,2,2C,562,0.564,Un,144,C
B,9,B9,2,2C,562,0.785,Un,145,C
C,9,C9,2,2C,562,0.815,Un,146,C
D,9,D9,2,2C,562,0.731,Un,147,C
E,9,E9,2,2C,562,0.884,Un,148,C
F,9,F9,2,2C,562,0.613,Un,149,C
G,9,G9,2,2C,562,0.769,Un,150,C
H,9,H9,2,2C,562,0.943,Un,151,C
A,10,A10,2,2C,562,0.679,Un,152,C
B,10,B10,2,2C,562,0.866,Un,153,C
C,10,C10,2,2C,562,0.831,Un,154,C
D,10,D10,2,2C,562,0.87,Un,155,C
E,10,E10,2,2C,562,0.701,Un,156,C
F,10,F10,2,2C,562,0.68,Un,157,C
G,10,G10,2,2C,562,0.905,Un,158,C
H,10,H10,2,2C,562,0.778,Un,159,C
A,11,A11,2,2C,562,0.746,Un,160,C
B,11,B11,2,2C,562,0.739,Un,161,C
C,11,C11,2,2C,562,0.64,Un,162,C
D,11,D11,2,2C,562,0.857,Un,163,C
E,11,E11,2,2C,562,0.711,Un,164,C
F,11,F11,2,2C,562,0.852,Un,165,C
G,11,G11,2,2C,562,0.825,Un,166,C
H,11,H11,2,2C,562,0.822,Un,167,C
A,1,A1,3,3A,562,2.183,Standard,St_A,C
B,1,B1,3,3A,562,1.604,Standard,St_B,C
C,1,C1,3,3A,562,1.225,Standard,St_C,C
D,1,D1,3,3A,562,1.032,Standard,St_D,C
E,1,E1,3,3A,562,0.743,Standard,St_E,C
F,1,F1,3,3A,562,0.404,Standard,St_F,C
G,1,G1,3,3A,562,0.251,Standard,St_G,C
H,1,H1,3,3A,562,0.128,Standard,St_H,C
A,2,A2,3,3A,562,0.106,Standard,St_I,C
B,2,B2,3,3A,562,0.734,Un,168,C
C,2,C2,3,3A,562,0.694,Un,169,C
D,2,D2,3,3A,562,0.697,Un,170,C
E,2,E2,3,3A,562,0.723,Un,171,C
F,2,F2,3,3A,562,0.63,Un,172,C
G,2,G2,3,3A,562,0.631,Un,173,C
H,2,H2,3,3A,562,0.674,Un,174,C
A,3,A3,3,3A,562,0.713,Un,175,C
B,3,B3,3,3A,562,0.851,Un,176,C
C,3,C3,3,3A,562,0.989,Un,177,C
D,3,D3,3,3A,562,0.628,Un,178,C
E,3,E3,3,3A,562,0.643,Un,179,C
F,3,F3,3,3A,562,0.732,Un,180,C
G,3,G3,3,3A,562,0.62,Un,181,C
H,3,H3,3,3A,562,0.756,Un,182,C
A,4,A4,3,3A,562,0.839,Un,183,C
B,4,B4,3,3A,562,0.627,Un,184,C
C,4,C4,3,3A,562,0.852,Un,185,C
D,4,D4,3,3A,562,0.594,Un,186,C
E,4,E4,3,3A,562,0.558,Un,187,C
F,4,F4,3,3A,562,0.686,Un,188,C
G,4,G4,3,3A,562,0.799,Un,189,C
H,4,H4,3,3A,562,0.709,Un,190,C
A,5,A5,3,3A,562,0.709,Un,191,C
B,5,B5,3,3A,562,0.837,Un,192,C
C,5,C5,3,3A,562,0.636,Un,193,C
D,5,D5,3,3A,562,0.515,Un,194,C
E,5,E5,3,3A,562,0.643,Un,195,C
F,5,F5,3,3A,562,0.637,Un,196,C
G,5,G5,3,3A,562,0.64,Un,197,C
H,5,H5,3,3A,562,0.78,Un,198,C
A,6,A6,3,3A,562,0.606,Un,199,C
B,6,B6,3,3A,562,0.724,Un,200,C
C,6,C6,3,3A,562,1.077,Un,201,C
D,6,D6,3,3A,562,0.912,Un,202,C
E,6,E6,3,3A,562,1.075,Un,203,C
F,6,F6,3,3A,562,1.234,Un,204,C
G,6,G6,3,3A,562,1.041,Un,205,C
H,6,H6,3,3A,562,1.022,Un,206,C
A,7,A7,3,3A,562,0.895,Un,207,C
B,7,B7,3,3A,562,0.852,Un,208,C
C,7,C7,3,3A,562,0.65,Un,209,C
D,7,D7,3,3A,562,0.854,Un,210,C
E,7,E7,3,3A,562,0.538,Un,211,C
F,7,F7,3,3A,562,0.725,Un,212,C
G,7,G7,3,3A,562,0.846,Un,213,C
H,7,H7,3,3A,562,0.723,Un,214,C
A,8,A8,3,3A,562,0.594,Un,215,C
B,8,B8,3,3A,562,0.756,Un,216,C
C,8,C8,3,3A,562,0.876,Un,217,C
D,8,D8,3,3A,562,0.709,Un,218,C
E,8,E8,3,3A,562,0.643,Un,219,C
F,8,F8,3,3A,562,0.751,Un,220,C
G,8,G8,3,3A,562,0.734,Un,221,C
H,8,H8,3,3A,562,0.69,Un,222,C
A,9,A9,3,3A,562,0.887,Un,223,C
B,9,B9,3,3A,562,0.961,Un,224,C
C,9,C9,3,3A,562,0.802,Un,225,C
D,9,D9,3,3A,562,0.845,Un,226,C
E,9,E9,3,3A,562,0.785,Un,227,C
F,9,F9,3,3A,562,0.686,Un,228,C
G,9,G9,3,3A,562,0.899,Un,229,C
H,9,H9,3,3A,562,0.673,Un,230,C
A,10,A10,3,3A,562,0.775,Un,231,C
B,10,B10,3,3A,562,1.083,Un,232,C
C,10,C10,3,3A,562,1.231,Un,233,C
D,10,D10,3,3A,562,0.962,Un,234,C
E,10,E10,3,3A,562,1.171,Un,235,C
F,10,F10,3,3A,562,0.7,Un,236,C
G,10,G10,3,3A,562,0.829,Un,237,C
H,10,H10,3,3A,562,0.715,Un,238,C
A,11,A11,3,3A,562,0.507,Un,239,C
B,11,B11,3,3A,562,0.835,Un,240,C
A,1,A1,3,3B,562,2.529,Standard,St_A,C
B,1,B1,3,3B,562,1.757,Standard,St_B,C
C,1,C1,3,3B,562,1.517,Standard,St_C,C
D,1,D1,3,3B,562,1.02,Standard,St_D,C
E,1,E1,3,3B,562,0.821,Standard,St_E,C
F,1,F1,3,3B,562,0.443,Standard,St_F,C
G,1,G1,3,3B,562,0.321,Standard,St_G,C
H,1,H1,3,3B,562,0.133,Standard,St_H,C
A,2,A2,3,3B,562,0.119,Standard,St_I,C
B,2,B2,3,3B,562,0.981,Un,168,C
C,2,C2,3,3B,562,0.933,Un,169,C
D,2,D2,3,3B,562,0.925,Un,170,C
E,2,E2,3,3B,562,0.85,Un,171,C
F,2,F2,3,3B,562,0.82,Un,172,C
G,2,G2,3,3B,562,0.881,Un,173,C
H,2,H2,3,3B,562,0.957,Un,174,C
A,3,A3,3,3B,562,0.864,Un,175,C
B,3,B3,3,3B,562,0.899,Un,176,C
C,3,C3,3,3B,562,1.206,Un,177,C
D,3,D3,3,3B,562,0.814,Un,178,C
E,3,E3,3,3B,562,0.809,Un,179,C
F,3,F3,3,3B,562,0.864,Un,180,C
G,3,G3,3,3B,562,0.661,Un,181,C
H,3,H3,3,3B,562,0.929,Un,182,C
A,4,A4,3,3B,562,1.083,Un,183,C
B,4,B4,3,3B,562,0.867,Un,184,C
C,4,C4,3,3B,562,0.962,Un,185,C
D,4,D4,3,3B,562,0.723,Un,186,C
E,4,E4,3,3B,562,0.734,Un,187,C
F,4,F4,3,3B,562,0.903,Un,188,C
G,4,G4,3,3B,562,0.959,Un,189,C
H,4,H4,3,3B,562,0.826,Un,190,C
A,5,A5,3,3B,562,0.893,Un,191,C
B,5,B5,3,3B,562,1.105,Un,192,C
C,5,C5,3,3B,562,0.828,Un,193,C
D,5,D5,3,3B,562,0.619,Un,194,C
E,5,E5,3,3B,562,0.8,Un,195,C
F,5,F5,3,3B,562,0.783,Un,196,C
G,5,G5,3,3B,562,0.773,Un,197,C
H,5,H5,3,3B,562,0.687,Un,198,C
A,6,A6,3,3B,562,0.757,Un,199,C
B,6,B6,3,3B,562,0.869,Un,200,C
C,6,C6,3,3B,562,1.382,Un,201,C
D,6,D6,3,3B,562,1.174,Un,202,C
E,6,E6,3,3B,562,1.263,Un,203,C
F,6,F6,3,3B,562,1.636,Un,204,C
G,6,G6,3,3B,562,1.316,Un,205,C
H,6,H6,3,3B,562,1.252,Un,206,C
A,7,A7,3,3B,562,0.979,Un,207,C
B,7,B7,3,3B,562,0.919,Un,208,C
C,7,C7,3,3B,562,0.726,Un,209,C
D,7,D7,3,3B,562,0.936,Un,210,C
E,7,E7,3,3B,562,0.579,Un,211,C
F,7,F7,3,3B,562,0.825,Un,212,C
G,7,G7,3,3B,562,0.958,Un,213,C
H,7,H7,3,3B,562,0.844,Un,214,C
A,8,A8,3,3B,562,0.636,Un,215,C
B,8,B8,3,3B,562,0.823,Un,216,C
C,8,C8,3,3B,562,0.983,Un,217,C
D,8,D8,3,3B,562,0.789,Un,218,C
E,8,E8,3,3B,562,0.711,Un,219,C
F,8,F8,3,3B,562,0.855,Un,220,C
G,8,G8,3,3B,562,0.828,Un,221,C
H,8,H8,3,3B,562,0.731,Un,222,C
A,9,A9,3,3B,562,1.02,Un,223,C
B,9,B9,3,3B,562,1.037,Un,224,C
C,9,C9,3,3B,562,0.915,Un,225,C
D,9,D9,3,3B,562,0.971,Un,226,C
E,9,E9,3,3B,562,0.832,Un,227,C
F,9,F9,3,3B,562,0.763,Un,228,C
G,9,G9,3,3B,562,1.049,Un,229,C
H,9,H9,3,3B,562,0.739,Un,230,C
A,10,A10,3,3B,562,0.874,Un,231,C
B,10,B10,3,3B,562,1.248,Un,232,C
C,10,C10,3,3B,562,1.299,Un,233,C
D,10,D10,3,3B,562,1.118,Un,234,C
E,10,E10,3,3B,562,1.247,Un,235,C
F,10,F10,3,3B,562,0.859,Un,236,C
G,10,G10,3,3B,562,1.021,Un,237,C
H,10,H10,3,3B,562,0.876,Un,238,C
A,11,A11,3,3B,562,0.546,Un,239,C
B,11,B11,3,3B,562,0.936,Un,240,C
A,1,A1,3,3C,562,2.279,Standard,St_A,C
B,1,B1,3,3C,562,1.692,Standard,St_B,C
C,1,C1,3,3C,562,1.426,Standard,St_C,C
D,1,D1,3,3C,562,1.062,Standard,St_D,C
E,1,E1,3,3C,562,0.781,Standard,St_E,C
F,1,F1,3,3C,562,0.451,Standard,St_F,C
G,1,G1,3,3C,562,0.274,Standard,St_G,C
H,1,H1,3,3C,562,0.129,Standard,St_H,C
A,2,A2,3,3C,562,0.102,Standard,St_I,C
B,2,B2,3,3C,562,0.883,Un,168,C
C,2,C2,3,3C,562,0.779,Un,169,C
D,2,D2,3,3C,562,0.853,Un,170,C
E,2,E2,3,3C,562,0.812,Un,171,C
F,2,F2,3,3C,562,0.715,Un,172,C
G,2,G2,3,3C,562,0.741,Un,173,C
H,2,H2,3,3C,562,0.884,Un,174,C
A,3,A3,3,3C,562,0.792,Un,175,C
B,3,B3,3,3C,562,0.942,Un,176,C
C,3,C3,3,3C,562,1.09,Un,177,C
D,3,D3,3,3C,562,0.733,Un,178,C
E,3,E3,3,3C,562,0.786,Un,179,C
F,3,F3,3,3C,562,0.919,Un,180,C
G,3,G3,3,3C,562,0.683,Un,181,C
H,3,H3,3,3C,562,0.92,Un,182,C
A,4,A4,3,3C,562,0.884,Un,183,C
B,4,B4,3,3C,562,0.749,Un,184,C
C,4,C4,3,3C,562,0.926,Un,185,C
D,4,D4,3,3C,562,0.645,Un,186,C
E,4,E4,3,3C,562,0.691,Un,187,C
F,4,F4,3,3C,562,0.789,Un,188,C
G,4,G4,3,3C,562,0.91,Un,189,C
H,4,H4,3,3C,562,0.737,Un,190,C
A,5,A5,3,3C,562,0.816,Un,191,C
B,5,B5,3,3C,562,0.933,Un,192,C
C,5,C5,3,3C,562,0.706,Un,193,C
D,5,D5,3,3C,562,0.56,Un,194,C
E,5,E5,3,3C,562,0.714,Un,195,C
F,5,F5,3,3C,562,0.654,Un,196,C
G,5,G5,3,3C,562,0.74,Un,197,C
H,5,H5,3,3C,562,0.602,Un,198,C
A,6,A6,3,3C,562,0.708,Un,199,C
B,6,B6,3,3C,562,0.79,Un,200,C
C,6,C6,3,3C,562,1.19,Un,201,C
D,6,D6,3,3C,562,1.073,Un,202,C
E,6,E6,3,3C,562,1.168,Un,203,C
F,6,F6,3,3C,562,1.413,Un,204,C
G,6,G6,3,3C,562,1.229,Un,205,C
H,6,H6,3,3C,562,1.067,Un,206,C
A,7,A7,3,3C,562,0.954,Un,207,C
B,7,B7,3,3C,562,0.933,Un,208,C
C,7,C7,3,3C,562,0.765,Un,209,C
D,7,D7,3,3C,562,0.897,Un,210,C
E,7,E7,3,3C,562,0.585,Un,211,C
F,7,F7,3,3C,562,0.816,Un,212,C
G,7,G7,3,3C,562,0.954,Un,213,C
H,7,H7,3,3C,562,0.788,Un,214,C
A,8,A8,3,3C,562,0.643,Un,215,C
B,8,B8,3,3C,562,0.896,Un,216,C
C,8,C8,3,3C,562,1.006,Un,217,C
D,8,D8,3,3C,562,0.867,Un,218,C
E,8,E8,3,3C,562,0.604,Un,219,C
F,8,F8,3,3C,562,0.909,Un,220,C
G,8,G8,3,3C,562,0.807,Un,221,C
H,8,H8,3,3C,562,0.824,Un,222,C
A,9,A9,3,3C,562,0.986,Un,223,C
B,9,B9,3,3C,562,1.075,Un,224,C
C,9,C9,3,3C,562,0.867,Un,225,C
D,9,D9,3,3C,562,0.917,Un,226,C
E,9,E9,3,3C,562,0.819,Un,227,C
F,9,F9,3,3C,562,0.678,Un,228,C
G,9,G9,3,3C,562,0.99,Un,229,C
H,9,H9,3,3C,562,0.71,Un,230,C
A,10,A10,3,3C,562,0.823,Un,231,C
B,10,B10,3,3C,562,1.074,Un,232,C
C,10,C10,3,3C,562,1.247,Un,233,C
D,10,D10,3,3C,562,1.007,Un,234,C
E,10,E10,3,3C,562,1.244,Un,235,C
F,10,F10,3,3C,562,0.75,Un,236,C
G,10,G10,3,3C,562,0.872,Un,237,C
H,10,H10,3,3C,562,0.771,Un,238,C
A,11,A11,3,3C,562,0.472,Un,239,C
B,11,B11,3,3C,562,0.851,Un,240,C
A,1,A1,1,1A,562,2.225,Standard,St_A,Z
B,1,B1,1,1A,562,1.774,Standard,St_B,Z
C,1,C1,1,1A,562,1.339,Standard,St_C,Z
D,1,D1,1,1A,562,0.99,Standard,St_D,Z
E,1,E1,1,1A,562,0.79,Standard,St_E,Z
F,1,F1,1,1A,562,0.449,Standard,St_F,Z
G,1,G1,1,1A,562,0.247,Standard,St_G,Z
H,1,H1,1,1A,562,0.128,Standard,St_H,Z
A,2,A2,1,1A,562,0.082,Standard,St_I,Z
B,2,B2,1,1A,562,0.751,Un,1,Z
C,2,C2,1,1A,562,0.672,Un,2,Z
D,2,D2,1,1A,562,0.669,Un,3,Z
E,2,E2,1,1A,562,0.805,Un,4,Z
F,2,F2,1,1A,562,0.45,Un,5,Z
G,2,G2,1,1A,562,0.707,Un,6,Z
H,2,H2,1,1A,562,0.7,Un,7,Z
A,3,A3,1,1A,562,0.604,Un,8,Z
B,3,B3,1,1A,562,0.982,Un,9,Z
C,3,C3,1,1A,562,0.855,Un,10,Z
D,3,D3,1,1A,562,0.433,Un,11,Z
E,3,E3,1,1A,562,0.84,Un,12,Z
F,3,F3,1,1A,562,0.713,Un,13,Z
G,3,G3,1,1A,562,0.773,Un,14,Z
H,3,H3,1,1A,562,0.479,Un,15,Z
A,4,A4,1,1A,562,0.835,Un,16,Z
B,4,B4,1,1A,562,0.761,Un,17,Z
C,4,C4,1,1A,562,0.62,Un,18,Z
D,4,D4,1,1A,562,0.752,Un,19,Z
E,4,E4,1,1A,562,0.678,Un,20,Z
F,4,F4,1,1A,562,0.877,Un,21,Z
G,4,G4,1,1A,562,0.912,Un,23,Z
H,4,H4,1,1A,562,0.678,Un,24,Z
A,5,A5,1,1A,562,0.789,Un,25,Z
B,5,B5,1,1A,562,0.478,Un,26,Z
C,5,C5,1,1A,562,0.614,Un,27,Z
D,5,D5,1,1A,562,0.969,Un,28,Z
E,5,E5,1,1A,562,1.025,Un,29,Z
F,5,F5,1,1A,562,0.658,Un,30,Z
H,5,H5,1,1A,562,0.486,Un,32,Z
B,6,B6,1,1A,562,0.825,Un,34,Z
C,6,C6,1,1A,562,0.744,Un,35,Z
D,6,D6,1,1A,562,0.595,Un,36,Z
E,6,E6,1,1A,562,1.11,Un,37,Z
F,6,F6,1,1A,562,0.689,Un,38,Z
G,6,G6,1,1A,562,1.101,Un,39,Z
H,6,H6,1,1A,562,0.753,Un,40,Z
A,7,A7,1,1A,562,0.875,Un,41,Z
B,7,B7,1,1A,562,0.861,Un,42,Z
C,7,C7,1,1A,562,0.391,Un,44,Z
D,7,D7,1,1A,562,0.844,Un,45,Z
E,7,E7,1,1A,562,0.555,Un,46,Z
F,7,F7,1,1A,562,0.597,Un,47,Z
G,7,G7,1,1A,562,0.619,Un,48,Z
H,7,H7,1,1A,562,0.98,Un,49,Z
A,8,A8,1,1A,562,0.614,Un,50,Z
B,8,B8,1,1A,562,0.921,Un,51,Z
C,8,C8,1,1A,562,0.544,Un,52,Z
D,8,D8,1,1A,562,0.585,Un,53,Z
E,8,E8,1,1A,562,0.576,Un,54,Z
F,8,F8,1,1A,562,0.347,Un,56,Z
G,8,G8,1,1A,562,0.601,Un,57,Z
H,8,H8,1,1A,562,0.961,Un,58,Z
A,9,A9,1,1A,562,0.874,Un,59,Z
B,9,B9,1,1A,562,0.998,Un,60,Z
C,9,C9,1,1A,562,0.618,Un,61,Z
D,9,D9,1,1A,562,0.567,Un,62,Z
E,9,E9,1,1A,562,0.74,Un,63,Z
F,9,F9,1,1A,562,0.376,Un,64,Z
G,9,G9,1,1A,562,0.754,Un,65,Z
H,9,H9,1,1A,562,0.714,Un,66,Z
A,10,A10,1,1A,562,0.704,Un,67,Z
B,10,B10,1,1A,562,0.682,Un,68,Z
C,10,C10,1,1A,562,0.786,Un,69,Z
D,10,D10,1,1A,562,0.709,Un,70,Z
E,10,E10,1,1A,562,0.668,Un,71,Z
F,10,F10,1,1A,562,0.794,Un,72,Z
G,10,G10,1,1A,562,0.77,Un,73,Z
H,10,H10,1,1A,562,0.677,Un,74,Z
A,11,A11,1,1A,562,0.598,Un,75,Z
B,11,B11,1,1A,562,0.915,Un,77,Z
C,11,C11,1,1A,562,0.846,Un,78,Z
D,11,D11,1,1A,562,0.589,Un,79,Z
E,11,E11,1,1A,562,0.66,Un,80,Z
F,11,F11,1,1A,562,0.904,Un,82,Z
G,11,G11,1,1A,562,0.672,Un,83,Z
H,11,H11,1,1A,562,0.87,Un,84,Z
A,12,A12,1,1A,562,0.421,Un,31,Z
B,12,B12,1,1A,562,0.349,Un,33,Z
A,1,A1,1,1B,562,2.408,Standard,St_A,Z
B,1,B1,1,1B,562,1.773,Standard,St_B,Z
C,1,C1,1,1B,562,1.314,Standard,St_C,Z
D,1,D1,1,1B,562,1.01,Standard,St_D,Z
E,1,E1,1,1B,562,0.788,Standard,St_E,Z
F,1,F1,1,1B,562,0.443,Standard,St_F,Z
G,1,G1,1,1B,562,0.24,Standard,St_G,Z
H,1,H1,1,1B,562,0.124,Standard,St_H,Z
A,2,A2,1,1B,562,0.08,Standard,St_I,Z
B,2,B2,1,1B,562,0.817,Un,1,Z
C,2,C2,1,1B,562,0.77,Un,2,Z
D,2,D2,1,1B,562,0.714,Un,3,Z
E,2,E2,1,1B,562,0.849,Un,4,Z
F,2,F2,1,1B,562,0.473,Un,5,Z
G,2,G2,1,1B,562,0.787,Un,6,Z
H,2,H2,1,1B,562,0.784,Un,7,Z
A,3,A3,1,1B,562,0.639,Un,8,Z
B,3,B3,1,1B,562,1.111,Un,9,Z
C,3,C3,1,1B,562,0.974,Un,10,Z
D,3,D3,1,1B,562,0.514,Un,11,Z
E,3,E3,1,1B,562,0.96,Un,12,Z
F,3,F3,1,1B,562,0.759,Un,13,Z
G,3,G3,1,1B,562,0.747,Un,14,Z
H,3,H3,1,1B,562,0.512,Un,15,Z
A,4,A4,1,1B,562,0.939,Un,16,Z
B,4,B4,1,1B,562,0.783,Un,17,Z
C,4,C4,1,1B,562,0.616,Un,18,Z
D,4,D4,1,1B,562,0.689,Un,19,Z
E,4,E4,1,1B,562,0.672,Un,20,Z
F,4,F4,1,1B,562,0.87,Un,21,Z
G,4,G4,1,1B,562,1.329,Un,23,Z
H,4,H4,1,1B,562,0.703,Un,24,Z
A,5,A5,1,1B,562,0.792,Un,25,Z
B,5,B5,1,1B,562,0.516,Un,26,Z
C,5,C5,1,1B,562,0.685,Un,27,Z
D,5,D5,1,1B,562,1.075,Un,28,Z
E,5,E5,1,1B,562,1.091,Un,29,Z
F,5,F5,1,1B,562,0.714,Un,30,Z
H,5,H5,1,1B,562,0.512,Un,32,Z
B,6,B6,1,1B,562,0.75,Un,34,Z
C,6,C6,1,1B,562,0.699,Un,35,Z
D,6,D6,1,1B,562,0.579,Un,36,Z
E,6,E6,1,1B,562,1.022,Un,37,Z
F,6,F6,1,1B,562,0.722,Un,38,Z
G,6,G6,1,1B,562,1.025,Un,39,Z
H,6,H6,1,1B,562,0.709,Un,40,Z
A,7,A7,1,1B,562,0.78,Un,41,Z
B,7,B7,1,1B,562,0.894,Un,42,Z
C,7,C7,1,1B,562,0.46,Un,44,Z
D,7,D7,1,1B,562,0.858,Un,45,Z
E,7,E7,1,1B,562,0.72,Un,46,Z
F,7,F7,1,1B,562,0.656,Un,47,Z
G,7,G7,1,1B,562,0.681,Un,48,Z
H,7,H7,1,1B,562,0.858,Un,49,Z
A,8,A8,1,1B,562,0.676,Un,50,Z
B,8,B8,1,1B,562,0.994,Un,51,Z
C,8,C8,1,1B,562,0.619,Un,52,Z
D,8,D8,1,1B,562,0.595,Un,53,Z
E,8,E8,1,1B,562,0.581,Un,54,Z
F,8,F8,1,1B,562,0.41,Un,56,Z
G,8,G8,1,1B,562,0.597,Un,57,Z
H,8,H8,1,1B,562,0.912,Un,58,Z
A,9,A9,1,1B,562,0.793,Un,59,Z
B,9,B9,1,1B,562,0.881,Un,60,Z
C,9,C9,1,1B,562,0.547,Un,61,Z
D,9,D9,1,1B,562,0.554,Un,62,Z
E,9,E9,1,1B,562,0.666,Un,63,Z
F,9,F9,1,1B,562,0.34,Un,64,Z
G,9,G9,1,1B,562,0.645,Un,65,Z
H,9,H9,1,1B,562,0.744,Un,66,Z
A,10,A10,1,1B,562,0.864,Un,67,Z
B,10,B10,1,1B,562,0.8,Un,68,Z
C,10,C10,1,1B,562,0.94,Un,69,Z
D,10,D10,1,1B,562,0.859,Un,70,Z
E,10,E10,1,1B,562,0.742,Un,71,Z
F,10,F10,1,1B,562,0.794,Un,72,Z
G,10,G10,1,1B,562,0.875,Un,73,Z
H,10,H10,1,1B,562,0.648,Un,74,Z
A,11,A11,1,1B,562,0.638,Un,75,Z
B,11,B11,1,1B,562,0.886,Un,77,Z
C,11,C11,1,1B,562,0.822,Un,78,Z
D,11,D11,1,1B,562,0.567,Un,79,Z
E,11,E11,1,1B,562,0.706,Un,80,Z
F,11,F11,1,1B,562,0.929,Un,82,Z
G,11,G11,1,1B,562,0.65,Un,83,Z
H,11,H11,1,1B,562,0.929,Un,84,Z
A,12,A12,1,1B,562,0.423,Un,31,Z
B,12,B12,1,1B,562,0.35,Un,33,Z
A,1,A1,1,1C,562,2.001,Standard,St_A,Z
B,1,B1,1,1C,562,1.508,Standard,St_B,Z
C,1,C1,1,1C,562,1.209,Standard,St_C,Z
D,1,D1,1,1C,562,0.957,Standard,St_D,Z
E,1,E1,1,1C,562,0.742,Standard,St_E,Z
F,1,F1,1,1C,562,0.421,Standard,St_F,Z
G,1,G1,1,1C,562,0.221,Standard,St_G,Z
H,1,H1,1,1C,562,0.111,Standard,St_H,Z
A,2,A2,1,1C,562,0.062,Standard,St_I,Z
B,2,B2,1,1C,562,0.722,Un,1,Z
C,2,C2,1,1C,562,0.658,Un,2,Z
D,2,D2,1,1C,562,0.689,Un,3,Z
E,2,E2,1,1C,562,0.827,Un,4,Z
F,2,F2,1,1C,562,0.437,Un,5,Z
G,2,G2,1,1C,562,0.735,Un,6,Z
H,2,H2,1,1C,562,0.616,Un,7,Z
A,3,A3,1,1C,562,0.566,Un,8,Z
B,3,B3,1,1C,562,1.151,Un,9,Z
C,3,C3,1,1C,562,0.858,Un,10,Z
D,3,D3,1,1C,562,0.418,Un,11,Z
E,3,E3,1,1C,562,0.856,Un,12,Z
F,3,F3,1,1C,562,0.613,Un,13,Z
G,3,G3,1,1C,562,0.763,Un,14,Z
H,3,H3,1,1C,562,0.463,Un,15,Z
A,4,A4,1,1C,562,0.837,Un,16,Z
B,4,B4,1,1C,562,0.796,Un,17,Z
C,4,C4,1,1C,562,0.639,Un,18,Z
D,4,D4,1,1C,562,0.773,Un,19,Z
E,4,E4,1,1C,562,0.656,Un,20,Z
F,4,F4,1,1C,562,0.989,Un,21,Z
G,4,G4,1,1C,562,1.373,Un,23,Z
H,4,H4,1,1C,562,0.748,Un,24,Z
A,5,A5,1,1C,562,0.718,Un,25,Z
B,5,B5,1,1C,562,0.542,Un,26,Z
C,5,C5,1,1C,562,0.679,Un,27,Z
D,5,D5,1,1C,562,1.129,Un,28,Z
E,5,E5,1,1C,562,1.114,Un,29,Z
F,5,F5,1,1C,562,0.643,Un,30,Z
H,5,H5,1,1C,562,0.486,Un,32,Z
B,6,B6,1,1C,562,0.741,Un,34,Z
C,6,C6,1,1C,562,0.542,Un,35,Z
D,6,D6,1,1C,562,0.532,Un,36,Z
E,6,E6,1,1C,562,1.023,Un,37,Z
F,6,F6,1,1C,562,0.813,Un,38,Z
G,6,G6,1,1C,562,1.2,Un,39,Z
H,6,H6,1,1C,562,0.692,Un,40,Z
A,7,A7,1,1C,562,0.764,Un,41,Z
B,7,B7,1,1C,562,0.82,Un,42,Z
C,7,C7,1,1C,562,0.412,Un,44,Z
D,7,D7,1,1C,562,0.74,Un,45,Z
E,7,E7,1,1C,562,0.626,Un,46,Z
F,7,F7,1,1C,562,0.489,Un,47,Z
G,7,G7,1,1C,562,0.531,Un,48,Z
H,7,H7,1,1C,562,0.848,Un,49,Z
A,8,A8,1,1C,562,0.621,Un,50,Z
B,8,B8,1,1C,562,1.047,Un,51,Z
C,8,C8,1,1C,562,0.574,Un,52,Z
D,8,D8,1,1C,562,0.605,Un,53,Z
E,8,E8,1,1C,562,0.572,Un,54,Z
F,8,F8,1,1C,562,0.404,Un,56,Z
G,8,G8,1,1C,562,0.615,Un,57,Z
H,8,H8,1,1C,562,0.991,Un,58,Z
A,9,A9,1,1C,562,0.836,Un,59,Z
B,9,B9,1,1C,562,1.01,Un,60,Z
C,9,C9,1,1C,562,0.629,Un,61,Z
D,9,D9,1,1C,562,0.687,Un,62,Z
E,9,E9,1,1C,562,0.715,Un,63,Z
F,9,F9,1,1C,562,0.395,Un,64,Z
G,9,G9,1,1C,562,0.777,Un,65,Z
H,9,H9,1,1C,562,0.694,Un,66,Z
A,10,A10,1,1C,562,0.801,Un,67,Z
B,10,B10,1,1C,562,0.837,Un,68,Z
C,10,C10,1,1C,562,0.962,Un,69,Z
D,10,D10,1,1C,562,0.854,Un,70,Z
E,10,E10,1,1C,562,0.734,Un,71,Z
F,10,F10,1,1C,562,0.912,Un,72,Z
G,10,G10,1,1C,562,0.826,Un,73,Z
H,10,H10,1,1C,562,0.622,Un,74,Z
A,11,A11,1,1C,562,0.534,Un,75,Z
B,11,B11,1,1C,562,0.932,Un,77,Z
C,11,C11,1,1C,562,0.873,Un,78,Z
D,11,D11,1,1C,562,0.624,Un,79,Z
E,11,E11,1,1C,562,0.661,Un,80,Z
F,11,F11,1,1C,562,0.843,Un,82,Z
G,11,G11,1,1C,562,0.607,Un,83,Z
H,11,H11,1,1C,562,0.885,Un,84,Z
A,12,A12,1,1C,562,0.43,Un,31,Z
B,12,B12,1,1C,562,0.355,Un,33,Z
A,1,A1,2,2A,562,2.218,Standard,St_A,Z
B,1,B1,2,2A,562,1.622,Standard,St_B,Z
C,1,C1,2,2A,562,1.259,Standard,St_C,Z
D,1,D1,2,2A,562,0.976,Standard,St_D,Z
E,1,E1,2,2A,562,0.734,Standard,St_E,Z
F,1,F1,2,2A,562,0.463,Standard,St_F,Z
G,1,G1,2,2A,562,0.258,Standard,St_G,Z
H,1,H1,2,2A,562,0.127,Standard,St_H,Z
A,2,A2,2,2A,562,0.091,Standard,St_I,Z
B,2,B2,2,2A,562,0.936,Un,85,Z
C,2,C2,2,2A,562,0.555,Un,86,Z
D,2,D2,2,2A,562,0.653,Un,87,Z
E,2,E2,2,2A,562,0.454,Un,88,Z
F,2,F2,2,2A,562,0.455,Un,89,Z
G,2,G2,2,2A,562,1.009,Un,90,Z
H,2,H2,2,2A,562,0.474,Un,91,Z
A,3,A3,2,2A,562,0.81,Un,92,Z
B,3,B3,2,2A,562,0.768,Un,93,Z
C,3,C3,2,2A,562,0.602,Un,94,Z
D,3,D3,2,2A,562,0.611,Un,96,Z
E,3,E3,2,2A,562,0.762,Un,98,Z
F,3,F3,2,2A,562,0.803,Un,99,Z
G,3,G3,2,2A,562,0.79,Un,100,Z
H,3,H3,2,2A,562,0.731,Un,101,Z
A,4,A4,2,2A,562,0.952,Un,102,Z
B,4,B4,2,2A,562,0.788,Un,103,Z
C,4,C4,2,2A,562,0.609,Un,104,Z
D,4,D4,2,2A,562,0.447,Un,105,Z
E,4,E4,2,2A,562,1.067,Un,106,Z
F,4,F4,2,2A,562,0.886,Un,107,Z
G,4,G4,2,2A,562,0.616,Un,108,Z
H,4,H4,2,2A,562,0.731,Un,109,Z
A,5,A5,2,2A,562,0.973,Un,110,Z
B,5,B5,2,2A,562,0.341,Un,111,Z
C,5,C5,2,2A,562,0.541,Un,112,Z
D,5,D5,2,2A,562,0.862,Un,113,Z
E,5,E5,2,2A,562,0.519,Un,114,Z
F,5,F5,2,2A,562,0.505,Un,116,Z
G,5,G5,2,2A,562,0.736,Un,117,Z
H,5,H5,2,2A,562,0.228,Un,119,Z
A,6,A6,2,2A,562,0.472,Un,120,Z
B,6,B6,2,2A,562,1.43,Un,121,Z
C,6,C6,2,2A,562,1.113,Un,122,Z
D,6,D6,2,2A,562,1.231,Un,123,Z
E,6,E6,2,2A,562,1.161,Un,124,Z
F,6,F6,2,2A,562,0.713,Un,125,Z
G,6,G6,2,2A,562,0.918,Un,126,Z
H,6,H6,2,2A,562,1.03,Un,127,Z
A,7,A7,2,2A,562,1.266,Un,128,Z
B,7,B7,2,2A,562,0.87,Un,129,Z
C,7,C7,2,2A,562,0.98,Un,130,Z
D,7,D7,2,2A,562,0.8,Un,131,Z
E,7,E7,2,2A,562,0.876,Un,132,Z
F,7,F7,2,2A,562,0.804,Un,133,Z
G,7,G7,2,2A,562,1.197,Un,134,Z
H,7,H7,2,2A,562,0.734,Un,135,Z
A,8,A8,2,2A,562,0.804,Un,136,Z
B,8,B8,2,2A,562,0.894,Un,137,Z
C,8,C8,2,2A,562,0.789,Un,138,Z
D,8,D8,2,2A,562,0.791,Un,139,Z
E,8,E8,2,2A,562,0.608,Un,140,Z
F,8,F8,2,2A,562,0.779,Un,141,Z
G,8,G8,2,2A,562,0.698,Un,142,Z
H,8,H8,2,2A,562,0.516,Un,143,Z
A,9,A9,2,2A,562,0.719,Un,144,Z
B,9,B9,2,2A,562,0.81,Un,145,Z
C,9,C9,2,2A,562,0.866,Un,146,Z
D,9,D9,2,2A,562,0.714,Un,147,Z
E,9,E9,2,2A,562,0.872,Un,148,Z
F,9,F9,2,2A,562,0.708,Un,149,Z
G,9,G9,2,2A,562,0.905,Un,150,Z
H,9,H9,2,2A,562,1.009,Un,151,Z
A,10,A10,2,2A,562,0.759,Un,152,Z
B,10,B10,2,2A,562,1.067,Un,153,Z
C,10,C10,2,2A,562,0.784,Un,154,Z
D,10,D10,2,2A,562,0.744,Un,155,Z
E,10,E10,2,2A,562,0.616,Un,156,Z
F,10,F10,2,2A,562,0.828,Un,157,Z
G,10,G10,2,2A,562,0.871,Un,158,Z
H,10,H10,2,2A,562,0.776,Un,159,Z
A,11,A11,2,2A,562,0.69,Un,160,Z
B,11,B11,2,2A,562,0.926,Un,161,Z
C,11,C11,2,2A,562,0.729,Un,162,Z
D,11,D11,2,2A,562,1.052,Un,163,Z
E,11,E11,2,2A,562,0.805,Un,164,Z
F,11,F11,2,2A,562,0.954,Un,165,Z
G,11,G11,2,2A,562,0.948,Un,166,Z
H,11,H11,2,2A,562,0.852,Un,167,Z
A,1,A1,2,2B,562,2.396,Standard,St_A,Z
B,1,B1,2,2B,562,1.735,Standard,St_B,Z
C,1,C1,2,2B,562,1.325,Standard,St_C,Z
D,1,D1,2,2B,562,0.985,Standard,St_D,Z
E,1,E1,2,2B,562,0.743,Standard,St_E,Z
F,1,F1,2,2B,562,0.455,Standard,St_F,Z
G,1,G1,2,2B,562,0.258,Standard,St_G,Z
H,1,H1,2,2B,562,0.155,Standard,St_H,Z
A,2,A2,2,2B,562,0.089,Standard,St_I,Z
B,2,B2,2,2B,562,0.933,Un,85,Z
C,2,C2,2,2B,562,0.516,Un,86,Z
D,2,D2,2,2B,562,0.637,Un,87,Z
E,2,E2,2,2B,562,0.432,Un,88,Z
F,2,F2,2,2B,562,0.429,Un,89,Z
G,2,G2,2,2B,562,0.953,Un,90,Z
H,2,H2,2,2B,562,0.445,Un,91,Z
A,3,A3,2,2B,562,0.749,Un,92,Z
B,3,B3,2,2B,562,0.782,Un,93,Z
C,3,C3,2,2B,562,0.61,Un,94,Z
D,3,D3,2,2B,562,0.543,Un,96,Z
E,3,E3,2,2B,562,0.719,Un,98,Z
F,3,F3,2,2B,562,0.751,Un,99,Z
G,3,G3,2,2B,562,0.793,Un,100,Z
H,3,H3,2,2B,562,0.785,Un,101,Z
A,4,A4,2,2B,562,0.955,Un,102,Z
B,4,B4,2,2B,562,0.784,Un,103,Z
C,4,C4,2,2B,562,0.576,Un,104,Z
D,4,D4,2,2B,562,0.447,Un,105,Z
E,4,E4,2,2B,562,1.075,Un,106,Z
F,4,F4,2,2B,562,0.928,Un,107,Z
G,4,G4,2,2B,562,0.602,Un,108,Z
H,4,H4,2,2B,562,0.651,Un,109,Z
A,5,A5,2,2B,562,0.915,Un,110,Z
B,5,B5,2,2B,562,0.304,Un,111,Z
C,5,C5,2,2B,562,0.552,Un,112,Z
D,5,D5,2,2B,562,0.776,Un,113,Z
E,5,E5,2,2B,562,0.5,Un,114,Z
F,5,F5,2,2B,562,0.515,Un,116,Z
G,5,G5,2,2B,562,0.736,Un,117,Z
H,5,H5,2,2B,562,0.243,Un,119,Z
A,6,A6,2,2B,562,0.453,Un,120,Z
B,6,B6,2,2B,562,1.274,Un,121,Z
C,6,C6,2,2B,562,1.161,Un,122,Z
D,6,D6,2,2B,562,1.166,Un,123,Z
E,6,E6,2,2B,562,1.126,Un,124,Z
F,6,F6,2,2B,562,0.738,Un,125,Z
G,6,G6,2,2B,562,0.821,Un,126,Z
H,6,H6,2,2B,562,0.846,Un,127,Z
A,7,A7,2,2B,562,1.114,Un,128,Z
B,7,B7,2,2B,562,0.85,Un,129,Z
C,7,C7,2,2B,562,1.001,Un,130,Z
D,7,D7,2,2B,562,0.785,Un,131,Z
E,7,E7,2,2B,562,0.772,Un,132,Z
F,7,F7,2,2B,562,0.744,Un,133,Z
G,7,G7,2,2B,562,1.182,Un,134,Z
H,7,H7,2,2B,562,0.614,Un,135,Z
A,8,A8,2,2B,562,0.784,Un,136,Z
B,8,B8,2,2B,562,0.794,Un,137,Z
C,8,C8,2,2B,562,0.781,Un,138,Z
D,8,D8,2,2B,562,0.661,Un,139,Z
E,8,E8,2,2B,562,0.586,Un,140,Z
F,8,F8,2,2B,562,0.715,Un,141,Z
G,8,G8,2,2B,562,0.74,Un,142,Z
H,8,H8,2,2B,562,0.591,Un,143,Z
A,9,A9,2,2B,562,0.964,Un,144,Z
B,9,B9,2,2B,562,0.759,Un,145,Z
C,9,C9,2,2B,562,0.779,Un,146,Z
D,9,D9,2,2B,562,0.701,Un,147,Z
E,9,E9,2,2B,562,0.926,Un,148,Z
F,9,F9,2,2B,562,0.659,Un,149,Z
G,9,G9,2,2B,562,0.926,Un,150,Z
H,9,H9,2,2B,562,1.111,Un,151,Z
A,10,A10,2,2B,562,0.771,Un,152,Z
B,10,B10,2,2B,562,1.021,Un,153,Z
C,10,C10,2,2B,562,0.829,Un,154,Z
D,10,D10,2,2B,562,0.868,Un,155,Z
E,10,E10,2,2B,562,0.736,Un,156,Z
F,10,F10,2,2B,562,0.865,Un,157,Z
G,10,G10,2,2B,562,0.981,Un,158,Z
H,10,H10,2,2B,562,0.789,Un,159,Z
A,11,A11,2,2B,562,0.705,Un,160,Z
B,11,B11,2,2B,562,0.96,Un,161,Z
C,11,C11,2,2B,562,0.77,Un,162,Z
D,11,D11,2,2B,562,1.034,Un,163,Z
E,11,E11,2,2B,562,0.856,Un,164,Z
F,11,F11,2,2B,562,0.908,Un,165,Z
G,11,G11,2,2B,562,1.005,Un,166,Z
H,11,H11,2,2B,562,0.833,Un,167,Z
A,1,A1,2,2C,562,2.379,Standard,St_A,Z
B,1,B1,2,2C,562,1.662,Standard,St_B,Z
C,1,C1,2,2C,562,1.293,Standard,St_C,Z
D,1,D1,2,2C,562,0.998,Standard,St_D,Z
E,1,E1,2,2C,562,0.748,Standard,St_E,Z
F,1,F1,2,2C,562,0.45,Standard,St_F,Z
G,1,G1,2,2C,562,0.245,Standard,St_G,Z
H,1,H1,2,2C,562,0.129,Standard,St_H,Z
A,2,A2,2,2C,562,0.09,Standard,St_I,Z
B,2,B2,2,2C,562,0.875,Un,85,Z
C,2,C2,2,2C,562,0.533,Un,86,Z
D,2,D2,2,2C,562,0.606,Un,87,Z
E,2,E2,2,2C,562,0.449,Un,88,Z
F,2,F2,2,2C,562,0.436,Un,89,Z
G,2,G2,2,2C,562,0.844,Un,90,Z
H,2,H2,2,2C,562,0.432,Un,91,Z
A,3,A3,2,2C,562,0.788,Un,92,Z
B,3,B3,2,2C,562,0.706,Un,93,Z
C,3,C3,2,2C,562,0.581,Un,94,Z
D,3,D3,2,2C,562,0.462,Un,96,Z
E,3,E3,2,2C,562,0.652,Un,98,Z
F,3,F3,2,2C,562,0.667,Un,99,Z
G,3,G3,2,2C,562,0.777,Un,100,Z
H,3,H3,2,2C,562,0.754,Un,101,Z
A,4,A4,2,2C,562,0.989,Un,102,Z
B,4,B4,2,2C,562,0.714,Un,103,Z
C,4,C4,2,2C,562,0.536,Un,104,Z
D,4,D4,2,2C,562,0.395,Un,105,Z
E,4,E4,2,2C,562,1.048,Un,106,Z
F,4,F4,2,2C,562,0.93,Un,107,Z
G,4,G4,2,2C,562,0.542,Un,108,Z
H,4,H4,2,2C,562,0.646,Un,109,Z
A,5,A5,2,2C,562,0.948,Un,110,Z
B,5,B5,2,2C,562,0.329,Un,111,Z
C,5,C5,2,2C,562,0.481,Un,112,Z
D,5,D5,2,2C,562,0.807,Un,113,Z
E,5,E5,2,2C,562,0.505,Un,114,Z
F,5,F5,2,2C,562,0.461,Un,116,Z
G,5,G5,2,2C,562,0.683,Un,117,Z
H,5,H5,2,2C,562,0.208,Un,119,Z
A,6,A6,2,2C,562,0.428,Un,120,Z
B,6,B6,2,2C,562,1.435,Un,121,Z
C,6,C6,2,2C,562,1.206,Un,122,Z
D,6,D6,2,2C,562,1.097,Un,123,Z
E,6,E6,2,2C,562,1.114,Un,124,Z
F,6,F6,2,2C,562,0.874,Un,125,Z
G,6,G6,2,2C,562,0.922,Un,126,Z
H,6,H6,2,2C,562,0.835,Un,127,Z
A,7,A7,2,2C,562,0.945,Un,128,Z
B,7,B7,2,2C,562,0.967,Un,129,Z
C,7,C7,2,2C,562,1.058,Un,130,Z
D,7,D7,2,2C,562,0.878,Un,131,Z
E,7,E7,2,2C,562,0.892,Un,132,Z
F,7,F7,2,2C,562,0.746,Un,133,Z
G,7,G7,2,2C,562,1.187,Un,134,Z
H,7,H7,2,2C,562,0.717,Un,135,Z
A,8,A8,2,2C,562,0.819,Un,136,Z
B,8,B8,2,2C,562,0.837,Un,137,Z
C,8,C8,2,2C,562,0.776,Un,138,Z
D,8,D8,2,2C,562,0.785,Un,139,Z
E,8,E8,2,2C,562,0.664,Un,140,Z
F,8,F8,2,2C,562,0.792,Un,141,Z
G,8,G8,2,2C,562,0.774,Un,142,Z
H,8,H8,2,2C,562,0.651,Un,143,Z
A,9,A9,2,2C,562,0.943,Un,144,Z
B,9,B9,2,2C,562,0.782,Un,145,Z
C,9,C9,2,2C,562,1.225,Un,146,Z
D,9,D9,2,2C,562,0.789,Un,147,Z
E,9,E9,2,2C,562,1.03,Un,148,Z
F,9,F9,2,2C,562,0.703,Un,149,Z
G,9,G9,2,2C,562,1.152,Un,150,Z
H,9,H9,2,2C,562,1.039,Un,151,Z
A,10,A10,2,2C,562,0.751,Un,152,Z
B,10,B10,2,2C,562,1.06,Un,153,Z
C,10,C10,2,2C,562,0.818,Un,154,Z
D,10,D10,2,2C,562,0.845,Un,155,Z
E,10,E10,2,2C,562,0.753,Un,156,Z
F,10,F10,2,2C,562,0.942,Un,157,Z
G,10,G10,2,2C,562,1.033,Un,158,Z
H,10,H10,2,2C,562,0.731,Un,159,Z
A,11,A11,2,2C,562,0.679,Un,160,Z
B,11,B11,2,2C,562,0.906,Un,161,Z
C,11,C11,2,2C,562,0.761,Un,162,Z
D,11,D11,2,2C,562,1.049,Un,163,Z
E,11,E11,2,2C,562,0.761,Un,164,Z
F,11,F11,2,2C,562,0.889,Un,165,Z
G,11,G11,2,2C,562,0.821,Un,166,Z
H,11,H11,2,2C,562,0.825,Un,167,Z
A,1,A1,3,3A,562,1.944,Standard,St_A,Z
B,1,B1,3,3A,562,1.384,Standard,St_B,Z
C,1,C1,3,3A,562,1.078,Standard,St_C,Z
D,1,D1,3,3A,562,1.017,Standard,St_D,Z
E,1,E1,3,3A,562,0.732,Standard,St_E,Z
F,1,F1,3,3A,562,0.42,Standard,St_F,Z
G,1,G1,3,3A,562,0.251,Standard,St_G,Z
H,1,H1,3,3A,562,0.126,Standard,St_H,Z
A,2,A2,3,3A,562,0.09,Standard,St_I,Z
B,2,B2,3,3A,562,0.968,Un,168,Z
C,2,C2,3,3A,562,0.914,Un,169,Z
D,2,D2,3,3A,562,0.972,Un,170,Z
E,2,E2,3,3A,562,0.757,Un,171,Z
F,2,F2,3,3A,562,0.87,Un,172,Z
G,2,G2,3,3A,562,0.674,Un,173,Z
H,2,H2,3,3A,562,0.848,Un,174,Z
A,3,A3,3,3A,562,0.68,Un,175,Z
B,3,B3,3,3A,562,0.837,Un,176,Z
C,3,C3,3,3A,562,0.927,Un,177,Z
D,3,D3,3,3A,562,0.702,Un,178,Z
E,3,E3,3,3A,562,0.726,Un,179,Z
F,3,F3,3,3A,562,0.818,Un,180,Z
G,3,G3,3,3A,562,0.664,Un,181,Z
H,3,H3,3,3A,562,0.94,Un,182,Z
A,4,A4,3,3A,562,1.035,Un,183,Z
B,4,B4,3,3A,562,0.785,Un,184,Z
C,4,C4,3,3A,562,0.994,Un,185,Z
D,4,D4,3,3A,562,0.861,Un,186,Z
E,4,E4,3,3A,562,0.778,Un,187,Z
F,4,F4,3,3A,562,1.033,Un,188,Z
G,4,G4,3,3A,562,1.067,Un,189,Z
H,4,H4,3,3A,562,0.86,Un,190,Z
A,5,A5,3,3A,562,0.921,Un,191,Z
B,5,B5,3,3A,562,1.083,Un,192,Z
C,5,C5,3,3A,562,0.595,Un,193,Z
D,5,D5,3,3A,562,0.655,Un,194,Z
E,5,E5,3,3A,562,0.71,Un,195,Z
F,5,F5,3,3A,562,0.845,Un,196,Z
G,5,G5,3,3A,562,0.871,Un,197,Z
H,5,H5,3,3A,562,0.625,Un,198,Z
A,6,A6,3,3A,562,0.963,Un,199,Z
B,6,B6,3,3A,562,0.941,Un,200,Z
C,6,C6,3,3A,562,1.328,Un,201,Z
D,6,D6,3,3A,562,0.878,Un,202,Z
E,6,E6,3,3A,562,1.083,Un,203,Z
F,6,F6,3,3A,562,1.525,Un,204,Z
G,6,G6,3,3A,562,1.088,Un,205,Z
H,6,H6,3,3A,562,0.938,Un,206,Z
A,7,A7,3,3A,562,1.282,Un,207,Z
B,7,B7,3,3A,562,1.113,Un,208,Z
C,7,C7,3,3A,562,0.886,Un,209,Z
D,7,D7,3,3A,562,1.115,Un,210,Z
E,7,E7,3,3A,562,0.737,Un,211,Z
F,7,F7,3,3A,562,0.937,Un,212,Z
G,7,G7,3,3A,562,1.167,Un,213,Z
H,7,H7,3,3A,562,0.896,Un,214,Z
A,8,A8,3,3A,562,0.612,Un,215,Z
B,8,B8,3,3A,562,0.933,Un,216,Z
C,8,C8,3,3A,562,1.243,Un,217,Z
D,8,D8,3,3A,562,0.446,Un,218,Z
E,8,E8,3,3A,562,0.893,Un,219,Z
F,8,F8,3,3A,562,0.851,Un,220,Z
G,8,G8,3,3A,562,0.852,Un,221,Z
H,8,H8,3,3A,562,0.958,Un,222,Z
A,9,A9,3,3A,562,0.974,Un,223,Z
B,9,B9,3,3A,562,1.33,Un,224,Z
C,9,C9,3,3A,562,1.396,Un,225,Z
D,9,D9,3,3A,562,1.053,Un,226,Z
E,9,E9,3,3A,562,1.257,Un,227,Z
F,9,F9,3,3A,562,0.999,Un,228,Z
G,9,G9,3,3A,562,1.303,Un,229,Z
H,9,H9,3,3A,562,0.865,Un,230,Z
A,10,A10,3,3A,562,1.021,Un,231,Z
B,10,B10,3,3A,562,1.358,Un,232,Z
C,10,C10,3,3A,562,1.55,Un,233,Z
D,10,D10,3,3A,562,1.172,Un,234,Z
E,10,E10,3,3A,562,1.564,Un,235,Z
F,10,F10,3,3A,562,0.811,Un,236,Z
G,10,G10,3,3A,562,0.804,Un,237,Z
H,10,H10,3,3A,562,0.576,Un,238,Z
A,11,A11,3,3A,562,1.133,Un,239,Z
B,11,B11,3,3A,562,1.087,Un,240,Z
A,1,A1,3,3B,562,2.345,Standard,St_A,Z
B,1,B1,3,3B,562,1.756,Standard,St_B,Z
C,1,C1,3,3B,562,1.342,Standard,St_C,Z
D,1,D1,3,3B,562,1.045,Standard,St_D,Z
E,1,E1,3,3B,562,0.801,Standard,St_E,Z
F,1,F1,3,3B,562,0.455,Standard,St_F,Z
G,1,G1,3,3B,562,0.258,Standard,St_G,Z
H,1,H1,3,3B,562,0.128,Standard,St_H,Z
A,2,A2,3,3B,562,0.079,Standard,St_I,Z
B,2,B2,3,3B,562,1.092,Un,168,Z
C,2,C2,3,3B,562,1.076,Un,169,Z
D,2,D2,3,3B,562,1.081,Un,170,Z
E,2,E2,3,3B,562,0.913,Un,171,Z
F,2,F2,3,3B,562,1.069,Un,172,Z
G,2,G2,3,3B,562,0.821,Un,173,Z
H,2,H2,3,3B,562,0.921,Un,174,Z
A,3,A3,3,3B,562,0.878,Un,175,Z
B,3,B3,3,3B,562,1.21,Un,176,Z
C,3,C3,3,3B,562,1.406,Un,177,Z
D,3,D3,3,3B,562,0.998,Un,178,Z
E,3,E3,3,3B,562,0.855,Un,179,Z
F,3,F3,3,3B,562,1.123,Un,180,Z
G,3,G3,3,3B,562,0.958,Un,181,Z
H,3,H3,3,3B,562,1.078,Un,182,Z
A,4,A4,3,3B,562,1.132,Un,183,Z
B,4,B4,3,3B,562,1.004,Un,184,Z
C,4,C4,3,3B,562,1.168,Un,185,Z
D,4,D4,3,3B,562,0.918,Un,186,Z
E,4,E4,3,3B,562,0.84,Un,187,Z
F,4,F4,3,3B,562,1.132,Un,188,Z
G,4,G4,3,3B,562,1.272,Un,189,Z
H,4,H4,3,3B,562,0.877,Un,190,Z
A,5,A5,3,3B,562,0.784,Un,191,Z
B,5,B5,3,3B,562,0.915,Un,192,Z
C,5,C5,3,3B,562,0.815,Un,193,Z
D,5,D5,3,3B,562,0.759,Un,194,Z
E,5,E5,3,3B,562,0.945,Un,195,Z
F,5,F5,3,3B,562,0.974,Un,196,Z
G,5,G5,3,3B,562,1.048,Un,197,Z
H,5,H5,3,3B,562,0.597,Un,198,Z
A,6,A6,3,3B,562,0.79,Un,199,Z
B,6,B6,3,3B,562,1.181,Un,200,Z
C,6,C6,3,3B,562,1.555,Un,201,Z
D,6,D6,3,3B,562,1.126,Un,202,Z
E,6,E6,3,3B,562,1.37,Un,203,Z
F,6,F6,3,3B,562,1.829,Un,204,Z
G,6,G6,3,3B,562,1.367,Un,205,Z
H,6,H6,3,3B,562,0.978,Un,206,Z
A,7,A7,3,3B,562,1.267,Un,207,Z
B,7,B7,3,3B,562,1.108,Un,208,Z
C,7,C7,3,3B,562,0.91,Un,209,Z
D,7,D7,3,3B,562,1.171,Un,210,Z
E,7,E7,3,3B,562,0.784,Un,211,Z
F,7,F7,3,3B,562,1.123,Un,212,Z
G,7,G7,3,3B,562,1.238,Un,213,Z
H,7,H7,3,3B,562,0.956,Un,214,Z
A,8,A8,3,3B,562,0.684,Un,215,Z
B,8,B8,3,3B,562,1.065,Un,216,Z
C,8,C8,3,3B,562,1.132,Un,217,Z
D,8,D8,3,3B,562,0.924,Un,218,Z
E,8,E8,3,3B,562,1.08,Un,219,Z
F,8,F8,3,3B,562,0.927,Un,220,Z
G,8,G8,3,3B,562,0.957,Un,221,Z
H,8,H8,3,3B,562,0.916,Un,222,Z
A,9,A9,3,3B,562,1.124,Un,223,Z
B,9,B9,3,3B,562,1.291,Un,224,Z
C,9,C9,3,3B,562,1.094,Un,225,Z
D,9,D9,3,3B,562,0.793,Un,226,Z
E,9,E9,3,3B,562,1.131,Un,227,Z
F,9,F9,3,3B,562,0.843,Un,228,Z
G,9,G9,3,3B,562,1.263,Un,229,Z
H,9,H9,3,3B,562,1.021,Un,230,Z
A,10,A10,3,3B,562,0.864,Un,231,Z
B,10,B10,3,3B,562,1.417,Un,232,Z
C,10,C10,3,3B,562,1.613,Un,233,Z
D,10,D10,3,3B,562,1.41,Un,234,Z
E,10,E10,3,3B,562,1.722,Un,235,Z
F,10,F10,3,3B,562,1.089,Un,236,Z
G,10,G10,3,3B,562,1.146,Un,237,Z
H,10,H10,3,3B,562,0.66,Un,238,Z
A,11,A11,3,3B,562,0.943,Un,239,Z
B,11,B11,3,3B,562,1.07,Un,240,Z
A,1,A1,3,3C,562,2.503,Standard,St_A,Z
B,1,B1,3,3C,562,1.928,Standard,St_B,Z
C,1,C1,3,3C,562,1.334,Standard,St_C,Z
D,1,D1,3,3C,562,1.047,Standard,St_D,Z
E,1,E1,3,3C,562,0.791,Standard,St_E,Z
F,1,F1,3,3C,562,0.452,Standard,St_F,Z
G,1,G1,3,3C,562,0.252,Standard,St_G,Z
H,1,H1,3,3C,562,0.126,Standard,St_H,Z
A,2,A2,3,3C,562,0.074,Standard,St_I,Z
B,2,B2,3,3C,562,1.108,Un,168,Z
C,2,C2,3,3C,562,1.136,Un,169,Z
D,2,D2,3,3C,562,1.066,Un,170,Z
E,2,E2,3,3C,562,0.964,Un,171,Z
F,2,F2,3,3C,562,0.962,Un,172,Z
G,2,G2,3,3C,562,0.767,Un,173,Z
H,2,H2,3,3C,562,0.666,Un,174,Z
A,3,A3,3,3C,562,0.883,Un,175,Z
B,3,B3,3,3C,562,1.031,Un,176,Z
C,3,C3,3,3C,562,1.167,Un,177,Z
D,3,D3,3,3C,562,0.845,Un,178,Z
E,3,E3,3,3C,562,0.902,Un,179,Z
F,3,F3,3,3C,562,1.041,Un,180,Z
G,3,G3,3,3C,562,0.898,Un,181,Z
H,3,H3,3,3C,562,0.954,Un,182,Z
A,4,A4,3,3C,562,0.994,Un,183,Z
B,4,B4,3,3C,562,1.039,Un,184,Z
C,4,C4,3,3C,562,1.206,Un,185,Z
D,4,D4,3,3C,562,0.892,Un,186,Z
E,4,E4,3,3C,562,0.833,Un,187,Z
F,4,F4,3,3C,562,0.997,Un,188,Z
G,4,G4,3,3C,562,1.143,Un,189,Z
H,4,H4,3,3C,562,0.738,Un,190,Z
A,5,A5,3,3C,562,0.798,Un,191,Z
B,5,B5,3,3C,562,0.767,Un,192,Z
C,5,C5,3,3C,562,0.829,Un,193,Z
D,5,D5,3,3C,562,0.681,Un,194,Z
E,5,E5,3,3C,562,0.862,Un,195,Z
F,5,F5,3,3C,562,0.866,Un,196,Z
G,5,G5,3,3C,562,1.205,Un,197,Z
H,5,H5,3,3C,562,0.522,Un,198,Z
A,6,A6,3,3C,562,0.836,Un,199,Z
B,6,B6,3,3C,562,0.976,Un,200,Z
C,6,C6,3,3C,562,1.422,Un,201,Z
D,6,D6,3,3C,562,1.014,Un,202,Z
E,6,E6,3,3C,562,1.335,Un,203,Z
F,6,F6,3,3C,562,1.669,Un,204,Z
G,6,G6,3,3C,562,1.17,Un,205,Z
H,6,H6,3,3C,562,0.818,Un,206,Z
A,7,A7,3,3C,562,1.148,Un,207,Z
B,7,B7,3,3C,562,1.213,Un,208,Z
C,7,C7,3,3C,562,0.844,Un,209,Z
D,7,D7,3,3C,562,1.129,Un,210,Z
E,7,E7,3,3C,562,0.743,Un,211,Z
F,7,F7,3,3C,562,1.038,Un,212,Z
G,7,G7,3,3C,562,1.155,Un,213,Z
H,7,H7,3,3C,562,0.708,Un,214,Z
A,8,A8,3,3C,562,0.729,Un,215,Z
B,8,B8,3,3C,562,0.884,Un,216,Z
C,8,C8,3,3C,562,0.98,Un,217,Z
D,8,D8,3,3C,562,0.855,Un,218,Z
E,8,E8,3,3C,562,0.959,Un,219,Z
F,8,F8,3,3C,562,0.807,Un,220,Z
G,8,G8,3,3C,562,0.749,Un,221,Z
H,8,H8,3,3C,562,0.81,Un,222,Z
A,9,A9,3,3C,562,1.118,Un,223,Z
B,9,B9,3,3C,562,1.327,Un,224,Z
C,9,C9,3,3C,562,0.939,Un,225,Z
D,9,D9,3,3C,562,0.925,Un,226,Z
E,9,E9,3,3C,562,1.052,Un,227,Z
F,9,F9,3,3C,562,0.771,Un,228,Z
G,9,G9,3,3C,562,1.176,Un,229,Z
H,9,H9,3,3C,562,0.907,Un,230,Z
A,10,A10,3,3C,562,0.769,Un,231,Z
B,10,B10,3,3C,562,1.243,Un,232,Z
C,10,C10,3,3C,562,1.632,Un,233,Z
D,10,D10,3,3C,562,1.186,Un,234,Z
E,10,E10,3,3C,562,1.465,Un,235,Z
F,10,F10,3,3C,562,1.082,Un,236,Z
G,10,G10,3,3C,562,0.967,Un,237,Z
H,10,H10,3,3C,562,0.625,Un,238,Z
A,11,A11,3,3C,562,1.032,Un,239,Z
B,11,B11,3,3C,562,0.978,Un,240,Z
A,1,A1,1,1A,562,2.235,Standard,Std_A,C
B,1,B1,1,1A,562,1.813,Standard,Std_B,C
C,1,C1,1,1A,562,1.238,Standard,Std_C,C
D,1,D1,1,1A,562,1.042,Standard,Std_D,C
E,1,E1,1,1A,562,0.678,Standard,Std_E,C
F,1,F1,1,1A,562,0.431,Standard,Std_F,C
G,1,G1,1,1A,562,0.252,Standard,Std_G,C
H,1,H1,1,1A,562,0.123,Standard,Std_H,C
A,2,A2,1,1A,562,0.066,Standard,Std_I,C
B,2,B2,1,1A,562,0.841,Un,P1,C
C,2,C2,1,1A,562,0.633,Un,P2,C
D,2,D2,1,1A,562,1.014,Un,P3,C
E,2,E2,1,1A,562,1.269,Un,P4,C
F,2,F2,1,1A,562,0.638,Un,P5,C
G,2,G2,1,1A,562,0.884,Un,P6,C
H,2,H2,1,1A,562,1.188,Un,P7,C
A,3,A3,1,1A,562,0.724,Un,P8,C
B,3,B3,1,1A,562,1.679,Un,P9,C
C,3,C3,1,1A,562,1.304,Un,P10,C
D,3,D3,1,1A,562,0.688,Un,P11,C
E,3,E3,1,1A,562,1.342,Un,P12,C
F,3,F3,1,1A,562,1.56,Un,P13,C
G,3,G3,1,1A,562,1.418,Un,P14,C
H,3,H3,1,1A,562,1.406,Un,P15,C
A,4,A4,1,1A,562,1.574,Un,P16,C
B,4,B4,1,1A,562,1.054,Un,P17,C
C,4,C4,1,1A,562,1.174,Un,P18,C
D,4,D4,1,1A,562,0.583,Un,P19,C
E,4,E4,1,1A,562,1.075,Un,P20,C
F,4,F4,1,1A,562,1.086,Un,P21,C
G,4,G4,1,1A,562,1.323,Un,P22,C
H,4,H4,1,1A,562,1.791,Un,P23,C
A,5,A5,1,1A,562,1.575,Un,P24,C
B,5,B5,1,1A,562,1.589,Un,P25,C
C,5,C5,1,1A,562,0.582,Un,P26,C
D,5,D5,1,1A,562,0.882,Un,P27,C
E,5,E5,1,1A,562,0.474,Un,P28,C
F,5,F5,1,1A,562,0.529,Un,P29,C
G,5,G5,1,1A,562,0.957,Un,P30,C
H,5,H5,1,1A,562,1.071,Un,P31,C
A,6,A6,1,1A,562,1.213,Un,P32,C
B,6,B6,1,1A,562,1.025,Un,P33,C
C,6,C6,1,1A,562,1.51,Un,P34,C
D,6,D6,1,1A,562,1.349,Un,P35,C
E,6,E6,1,1A,562,0.958,Un,P36,C
F,6,F6,1,1A,562,1.202,Un,P37,C
G,6,G6,1,1A,562,1.525,Un,P38,C
H,6,H6,1,1A,562,1.565,Un,P39,C
A,7,A7,1,1A,562,1.676,Un,P40,C
B,7,B7,1,1A,562,1.323,Un,P41,C
C,7,C7,1,1A,562,1.271,Un,P42,C
D,7,D7,1,1A,562,1.66,Un,P43,C
E,7,E7,1,1A,562,0.805,Un,P44,C
F,7,F7,1,1A,562,1.068,Un,P45,C
G,7,G7,1,1A,562,0.639,Un,P46,C
H,7,H7,1,1A,562,1.053,Un,P47,C
A,8,A8,1,1A,562,1.274,Un,P48,C
B,8,B8,1,1A,562,0.743,Un,P49,C
C,8,C8,1,1A,562,0.517,Un,P50,C
D,8,D8,1,1A,562,1.121,Un,P51,C
E,8,E8,1,1A,562,1.108,Un,P52,C
F,8,F8,1,1A,562,1.223,Un,P53,C
G,8,G8,1,1A,562,1.522,Un,P54,C
A,9,A9,1,1A,562,0.891,Un,P1,C
B,9,B9,1,1A,562,0.695,Un,P2,C
C,9,C9,1,1A,562,1.071,Un,P3,C
D,9,D9,1,1A,562,1.314,Un,P4,C
E,9,E9,1,1A,562,0.664,Un,P5,C
F,9,F9,1,1A,562,0.87,Un,P6,C
G,9,G9,1,1A,562,1.268,Un,P7,C
H,9,H9,1,1A,562,0.781,Un,P8,C
A,10,A10,1,1A,562,1.87,Un,P9,C
B,10,B10,1,1A,562,1.141,Un,P10,C
C,10,C10,1,1A,562,0.675,Un,P11,C
D,10,D10,1,1A,562,1.246,Un,P12,C
E,10,E10,1,1A,562,1.637,Un,P13,C
F,10,F10,1,1A,562,1.286,Un,P14,C
G,10,G10,1,1A,562,1.344,Un,P15,C
H,10,H10,1,1A,562,1.65,Un,P16,C
A,11,A11,1,1A,562,1.119,Un,P17,C
B,11,B11,1,1A,562,1.271,Un,P18,C
C,11,C11,1,1A,562,0.58,Un,P19,C
D,11,D11,1,1A,562,1.111,Un,P20,C
E,11,E11,1,1A,562,1.05,Un,P21,C
F,11,F11,1,1A,562,1.484,Un,P22,C
G,11,G11,1,1A,562,1.778,Un,P23,C
H,11,H11,1,1A,562,1.777,Un,P24,C
A,12,A12,1,1A,562,1.75,Un,P25,C
B,12,B12,1,1A,562,0.587,Un,P26,C
C,12,C12,1,1A,562,0.888,Un,P27,C
A,1,A1,1,1B,562,2.389,Standard,Std_A,C
B,1,B1,1,1B,562,1.81,Standard,Std_B,C
C,1,C1,1,1B,562,1.241,Standard,Std_C,C
D,1,D1,1,1B,562,1.055,Standard,Std_D,C
E,1,E1,1,1B,562,0.646,Standard,Std_E,C
F,1,F1,1,1B,562,0.458,Standard,Std_F,C
G,1,G1,1,1B,562,0.27,Standard,Std_G,C
H,1,H1,1,1B,562,0.227,Standard,Std_H,C
A,2,A2,1,1B,562,0.093,Standard,Std_I,C
B,2,B2,1,1B,562,0.906,Un,P1,C
C,2,C2,1,1B,562,0.631,Un,P2,C
D,2,D2,1,1B,562,0.959,Un,P3,C
E,2,E2,1,1B,562,1.363,Un,P4,C
F,2,F2,1,1B,562,0.668,Un,P5,C
G,2,G2,1,1B,562,0.939,Un,P6,C
H,2,H2,1,1B,562,1.31,Un,P7,C
A,3,A3,1,1B,562,0.759,Un,P8,C
B,3,B3,1,1B,562,1.584,Un,P9,C
C,3,C3,1,1B,562,1.273,Un,P10,C
D,3,D3,1,1B,562,0.727,Un,P11,C
E,3,E3,1,1B,562,1.055,Un,P12,C
F,3,F3,1,1B,562,1.592,Un,P13,C
G,3,G3,1,1B,562,1.303,Un,P14,C
H,3,H3,1,1B,562,1.355,Un,P15,C
A,4,A4,1,1B,562,1.479,Un,P16,C
B,4,B4,1,1B,562,1.119,Un,P17,C
C,4,C4,1,1B,562,1.183,Un,P18,C
D,4,D4,1,1B,562,0.615,Un,P19,C
E,4,E4,1,1B,562,1.059,Un,P20,C
F,4,F4,1,1B,562,0.982,Un,P21,C
G,4,G4,1,1B,562,1.335,Un,P22,C
H,4,H4,1,1B,562,1.679,Un,P23,C
A,5,A5,1,1B,562,1.511,Un,P24,C
B,5,B5,1,1B,562,1.462,Un,P25,C
C,5,C5,1,1B,562,0.588,Un,P26,C
D,5,D5,1,1B,562,0.78,Un,P27,C
E,5,E5,1,1B,562,0.448,Un,P28,C
F,5,F5,1,1B,562,0.513,Un,P29,C
G,5,G5,1,1B,562,0.875,Un,P30,C
H,5,H5,1,1B,562,1.041,Un,P31,C
A,6,A6,1,1B,562,1.213,Un,P32,C
B,6,B6,1,1B,562,0.996,Un,P33,C
C,6,C6,1,1B,562,1.437,Un,P34,C
D,6,D6,1,1B,562,1.283,Un,P35,C
E,6,E6,1,1B,562,0.961,Un,P36,C
F,6,F6,1,1B,562,1.241,Un,P37,C
G,6,G6,1,1B,562,1.506,Un,P38,C
H,6,H6,1,1B,562,1.535,Un,P39,C
A,7,A7,1,1B,562,1.59,Un,P40,C
B,7,B7,1,1B,562,1.286,Un,P41,C
C,7,C7,1,1B,562,1.281,Un,P42,C
D,7,D7,1,1B,562,1.489,Un,P43,C
E,7,E7,1,1B,562,0.77,Un,P44,C
F,7,F7,1,1B,562,1.015,Un,P45,C
G,7,G7,1,1B,562,0.627,Un,P46,C
H,7,H7,1,1B,562,0.839,Un,P47,C
A,8,A8,1,1B,562,1.199,Un,P48,C
B,8,B8,1,1B,562,0.783,Un,P49,C
C,8,C8,1,1B,562,0.508,Un,P50,C
D,8,D8,1,1B,562,1.064,Un,P51,C
E,8,E8,1,1B,562,1.11,Un,P52,C
F,8,F8,1,1B,562,1.25,Un,P53,C
G,8,G8,1,1B,562,1.325,Un,P54,C
A,9,A9,1,1B,562,0.472,Un,P28,C
B,9,B9,1,1B,562,0.566,Un,P29,C
C,9,C9,1,1B,562,0.905,Un,P30,C
D,9,D9,1,1B,562,0.993,Un,P31,C
E,9,E9,1,1B,562,1.152,Un,P32,C
F,9,F9,1,1B,562,1.004,Un,P33,C
G,9,G9,1,1B,562,1.486,Un,P34,C
H,9,H9,1,1B,562,1.419,Un,P35,C
A,10,A10,1,1B,562,0.89,Un,P36,C
B,10,B10,1,1B,562,1.326,Un,P37,C
C,10,C10,1,1B,562,1.495,Un,P38,C
D,10,D10,1,1B,562,1.506,Un,P39,C
E,10,E10,1,1B,562,1.565,Un,P40,C
F,10,F10,1,1B,562,1.358,Un,P41,C
G,10,G10,1,1B,562,1.299,Un,P42,C
H,10,H10,1,1B,562,1.645,Un,P43,C
A,11,A11,1,1B,562,0.859,Un,P44,C
B,11,B11,1,1B,562,1.085,Un,P45,C
C,11,C11,1,1B,562,0.682,Un,P46,C
D,11,D11,1,1B,562,1.412,Un,P54,C
E,11,E11,1,1B,562,1.008,Un,P47,C
F,11,F11,1,1B,562,1.301,Un,P48,C
G,11,G11,1,1B,562,0.76,Un,P49,C
H,11,H11,1,1B,562,0.511,Un,P50,C
A,12,A12,1,1B,562,1.21,Un,P51,C
B,12,B12,1,1B,562,1.251,Un,P52,C
C,12,C12,1,1B,562,1.343,Un,P53,C
A,1,A1,2,2A,562,2.101,Standard,Std_A,C
B,1,B1,2,2A,562,1.635,Standard,Std_B,C
C,1,C1,2,2A,562,1.178,Standard,Std_C,C
D,1,D1,2,2A,562,0.897,Standard,Std_D,C
E,1,E1,2,2A,562,0.687,Standard,Std_E,C
F,1,F1,2,2A,562,0.369,Standard,Std_F,C
G,1,G1,2,2A,562,0.209,Standard,Std_G,C
H,1,H1,2,2A,562,0.089,Standard,Std_H,C
A,2,A2,2,2A,562,0.019,Standard,Std_I,C
B,2,B2,2,2A,562,0.768,Un,P55,C
C,2,C2,2,2A,562,1.392,Un,P56,C
D,2,D2,2,2A,562,0.728,Un,P57,C
E,2,E2,2,2A,562,0.957,Un,P58,C
F,2,F2,2,2A,562,1.165,Un,P59,C
G,2,G2,2,2A,562,1.141,Un,P60,C
H,2,H2,2,2A,562,1.109,Un,P61,C
A,3,A3,2,2A,562,1.896,Un,P62,C
B,3,B3,2,2A,562,1.281,Un,P63,C
C,3,C3,2,2A,562,0.959,Un,P64,C
D,3,D3,2,2A,562,0.984,Un,P65,C
E,3,E3,2,2A,562,1.073,Un,P66,C
F,3,F3,2,2A,562,1.057,Un,P67,C
G,3,G3,2,2A,562,0.792,Un,P68,C
H,3,H3,2,2A,562,1.365,Un,P69,C
A,4,A4,2,2A,562,1.496,Un,P70,C
B,4,B4,2,2A,562,1.361,Un,P71,C
C,4,C4,2,2A,562,0.994,Un,P72,C
D,4,D4,2,2A,562,1.288,Un,P73,C
E,4,E4,2,2A,562,1.178,Un,P74,C
F,4,F4,2,2A,562,1.057,Un,P75,C
G,4,G4,2,2A,562,1.154,Un,P76,C
H,4,H4,2,2A,562,1.098,Un,P77,C
A,5,A5,2,2A,562,0.928,Un,P78,C
B,5,B5,2,2A,562,0.783,Un,P79,C
C,5,C5,2,2A,562,0.866,Un,P80,C
D,5,D5,2,2A,562,0.861,Un,P81,C
E,5,E5,2,2A,562,0.904,Un,P82,C
F,5,F5,2,2A,562,1.132,Un,P83,C
G,5,G5,2,2A,562,0.648,Un,P84,C
H,5,H5,2,2A,562,0.748,Un,P85,C
A,6,A6,2,2A,562,1.69,Un,P87,C
B,6,B6,2,2A,562,1.038,Un,P88,C
C,6,C6,2,2A,562,0.759,Un,P89,C
D,6,D6,2,2A,562,0.784,Un,P90,C
E,6,E6,2,2A,562,0.804,Un,P91,C
F,6,F6,2,2A,562,1.275,Un,P92,C
G,6,G6,2,2A,562,0.821,Un,P93,C
H,6,H6,2,2A,562,0.815,Un,P94,C
A,7,A7,2,2A,562,0.412,Un,P95,C
B,7,B7,2,2A,562,0.727,Un,P96,C
C,7,C7,2,2A,562,0.81,Un,P97,C
D,7,D7,2,2A,562,0.635,Un,P98,C
E,7,E7,2,2A,562,0.789,Un,P99,C
F,7,F7,2,2A,562,0.539,Un,P100,C
G,7,G7,2,2A,562,0.532,Un,P101,C
H,7,H7,2,2A,562,0.962,Un,P102,C
A,8,A8,2,2A,562,1.178,Un,P103,C
B,8,B8,2,2A,562,1.129,Un,P104,C
C,8,C8,2,2A,562,1.126,Un,P105,C
D,8,D8,2,2A,562,0.586,Un,P106,C
E,8,E8,2,2A,562,0.755,Un,P107,C
F,8,F8,2,2A,562,0.726,Un,P108,C
A,9,A9,2,2A,562,0.773,Un,P55,C
B,9,B9,2,2A,562,1.382,Un,P56,C
C,9,C9,2,2A,562,0.774,Un,P57,C
D,9,D9,2,2A,562,0.992,Un,P58,C
E,9,E9,2,2A,562,1.274,Un,P59,C
F,9,F9,2,2A,562,1.281,Un,P60,C
G,9,G9,2,2A,562,1.088,Un,P61,C
H,9,H9,2,2A,562,1.904,Un,P62,C
A,10,A10,2,2A,562,1.248,Un,P63,C
B,10,B10,2,2A,562,0.932,Un,P64,C
C,10,C10,2,2A,562,1.017,Un,P65,C
D,10,D10,2,2A,562,1.302,Un,P66,C
E,10,E10,2,2A,562,1.136,Un,P67,C
F,10,F10,2,2A,562,0.803,Un,P68,C
G,10,G10,2,2A,562,1.3,Un,P69,C
H,10,H10,2,2A,562,1.616,Un,P70,C
A,11,A11,2,2A,562,1.441,Un,P71,C
B,11,B11,2,2A,562,1.055,Un,P72,C
C,11,C11,2,2A,562,1.351,Un,P73,C
D,11,D11,2,2A,562,1.296,Un,P74,C
E,11,E11,2,2A,562,1.061,Un,P75,C
F,11,F11,2,2A,562,1.161,Un,P76,C
G,11,G11,2,2A,562,1.169,Un,P77,C
H,11,H11,2,2A,562,0.984,Un,P78,C
A,12,A12,2,2A,562,0.876,Un,P79,C
B,12,B12,2,2A,562,0.991,Un,P80,C
C,12,C12,2,2A,562,0.971,Un,P81,C
A,1,A1,2,2B,562,2.137,Standard,Std_A,C
B,1,B1,2,2B,562,1.479,Standard,Std_B,C
C,1,C1,2,2B,562,1.164,Standard,Std_C,C
D,1,D1,2,2B,562,0.829,Standard,Std_D,C
E,1,E1,2,2B,562,0.694,Standard,Std_E,C
F,1,F1,2,2B,562,0.417,Standard,Std_F,C
G,1,G1,2,2B,562,0.278,Standard,Std_G,C
H,1,H1,2,2B,562,0.128,Standard,Std_H,C
A,2,A2,2,2B,562,0.091,Standard,Std_I,C
B,2,B2,2,2B,562,0.787,Un,P55,C
C,2,C2,2,2B,562,1.329,Un,P56,C
D,2,D2,2,2B,562,0.703,Un,P57,C
E,2,E2,2,2B,562,1.018,Un,P58,C
F,2,F2,2,2B,562,1.183,Un,P59,C
G,2,G2,2,2B,562,1.234,Un,P60,C
H,2,H2,2,2B,562,1.222,Un,P61,C
A,3,A3,2,2B,562,2.005,Un,P62,C
B,3,B3,2,2B,562,1.298,Un,P63,C
C,3,C3,2,2B,562,0.904,Un,P64,C
D,3,D3,2,2B,562,0.967,Un,P65,C
E,3,E3,2,2B,562,1.302,Un,P66,C
F,3,F3,2,2B,562,1.074,Un,P67,C
G,3,G3,2,2B,562,0.848,Un,P68,C
H,3,H3,2,2B,562,1.445,Un,P69,C
A,4,A4,2,2B,562,1.572,Un,P70,C
B,4,B4,2,2B,562,1.518,Un,P71,C
C,4,C4,2,2B,562,0.979,Un,P72,C
D,4,D4,2,2B,562,1.403,Un,P73,C
E,4,E4,2,2B,562,1.194,Un,P74,C
F,4,F4,2,2B,562,1.085,Un,P75,C
G,4,G4,2,2B,562,1.134,Un,P76,C
H,4,H4,2,2B,562,1.256,Un,P77,C
A,5,A5,2,2B,562,0.93,Un,P78,C
B,5,B5,2,2B,562,0.829,Un,P79,C
C,5,C5,2,2B,562,0.965,Un,P80,C
D,5,D5,2,2B,562,0.872,Un,P81,C
E,5,E5,2,2B,562,0.849,Un,P82,C
F,5,F5,2,2B,562,1.206,Un,P83,C
G,5,G5,2,2B,562,0.659,Un,P84,C
H,5,H5,2,2B,562,0.783,Un,P85,C
A,6,A6,2,2B,562,1.506,Un,P87,C
B,6,B6,2,2B,562,1.09,Un,P88,C
C,6,C6,2,2B,562,0.746,Un,P89,C
D,6,D6,2,2B,562,0.834,Un,P90,C
E,6,E6,2,2B,562,0.85,Un,P91,C
F,6,F6,2,2B,562,1.237,Un,P92,C
G,6,G6,2,2B,562,0.842,Un,P93,C
H,6,H6,2,2B,562,0.755,Un,P94,C
A,7,A7,2,2B,562,0.423,Un,P95,C
B,7,B7,2,2B,562,0.764,Un,P96,C
C,7,C7,2,2B,562,0.759,Un,P97,C
D,7,D7,2,2B,562,0.765,Un,P98,C
E,7,E7,2,2B,562,0.786,Un,P99,C
F,7,F7,2,2B,562,0.516,Un,P100,C
G,7,G7,2,2B,562,0.546,Un,P101,C
H,7,H7,2,2B,562,1.017,Un,P102,C
A,8,A8,2,2B,562,1.14,Un,P103,C
B,8,B8,2,2B,562,1.126,Un,P104,C
C,8,C8,2,2B,562,1.048,Un,P105,C
D,8,D8,2,2B,562,0.62,Un,P106,C
E,8,E8,2,2B,562,0.756,Un,P107,C
F,8,F8,2,2B,562,0.718,Un,P108,C
A,9,A9,2,2B,562,0.957,Un,P82,C
B,9,B9,2,2B,562,1.282,Un,P83,C
C,9,C9,2,2B,562,0.66,Un,P84,C
D,9,D9,2,2B,562,0.847,Un,P85,C
E,9,E9,2,2B,562,1.621,Un,P87,C
F,9,F9,2,2B,562,1.186,Un,P88,C
G,9,G9,2,2B,562,0.845,Un,P89,C
H,9,H9,2,2B,562,0.853,Un,P90,C
A,10,A10,2,2B,562,0.912,Un,P91,C
B,10,B10,2,2B,562,1.274,Un,P92,C
C,10,C10,2,2B,562,0.89,Un,P93,C
D,10,D10,2,2B,562,0.859,Un,P94,C
E,10,E10,2,2B,562,0.457,Un,P95,C
F,10,F10,2,2B,562,0.813,Un,P96,C
G,10,G10,2,2B,562,0.901,Un,P97,C
H,10,H10,2,2B,562,0.823,Un,P98,C
A,11,A11,2,2B,562,0.843,Un,P99,C
B,11,B11,2,2B,562,0.623,Un,P100,C
C,11,C11,2,2B,562,0.565,Un,P101,C
D,11,D11,2,2B,562,0.954,Un,P102,C
E,11,E11,2,2B,562,1.183,Un,P103,C
F,11,F11,2,2B,562,1.166,Un,P104,C
G,11,G11,2,2B,562,1.104,Un,P105,C
H,11,H11,2,2B,562,0.585,Un,P106,C
A,12,A12,2,2B,562,0.801,Un,P107,C
B,12,B12,2,2B,562,0.745,Un,P108,C
A,1,A1,1,1Ar,562,2.145,Standard,Std_A,Z
B,1,B1,1,1Ar,562,1.656,Standard,Std_B,Z
C,1,C1,1,1Ar,562,1.156,Standard,Std_C,Z
D,1,D1,1,1Ar,562,0.978,Standard,Std_D,Z
E,1,E1,1,1Ar,562,0.638,Standard,Std_E,Z
F,1,F1,1,1Ar,562,0.384,Standard,Std_F,Z
G,1,G1,1,1Ar,562,0.255,Standard,Std_G,Z
H,1,H1,1,1Ar,562,0.118,Standard,Std_H,Z
A,2,A2,1,1Ar,562,0.081,Standard,Std_I,Z
B,2,B2,1,1Ar,562,0.531,Un,P1,Z
C,2,C2,1,1Ar,562,0.404,Un,P2,Z
D,2,D2,1,1Ar,562,0.613,Un,P3,Z
E,2,E2,1,1Ar,562,0.657,Un,P4,Z
F,2,F2,1,1Ar,562,0.611,Un,P5,Z
G,2,G2,1,1Ar,562,0.676,Un,P6,Z
H,2,H2,1,1Ar,562,0.84,Un,P7,Z
A,3,A3,1,1Ar,562,0.551,Un,P8,Z
B,3,B3,1,1Ar,562,1.004,Un,P9,Z
C,3,C3,1,1Ar,562,0.724,Un,P10,Z
D,3,D3,1,1Ar,562,0.354,Un,P11,Z
E,3,E3,1,1Ar,562,0.781,Un,P12,Z
F,3,F3,1,1Ar,562,0.965,Un,P13,Z
G,3,G3,1,1Ar,562,0.776,Un,P14,Z
H,3,H3,1,1Ar,562,0.887,Un,P15,Z
A,4,A4,1,1Ar,562,0.98,Un,P16,Z
B,4,B4,1,1Ar,562,0.741,Un,P17,Z
C,4,C4,1,1Ar,562,0.681,Un,P18,Z
D,4,D4,1,1Ar,562,0.44,Un,P19,Z
E,4,E4,1,1Ar,562,0.566,Un,P20,Z
F,4,F4,1,1Ar,562,0.604,Un,P21,Z
G,4,G4,1,1Ar,562,0.882,Un,P22,Z
H,4,H4,1,1Ar,562,0.918,Un,P23,Z
A,5,A5,1,1Ar,562,0.947,Un,P24,Z
B,5,B5,1,1Ar,562,0.845,Un,P25,Z
C,5,C5,1,1Ar,562,0.341,Un,P26,Z
D,5,D5,1,1Ar,562,0.56,Un,P27,Z
E,5,E5,1,1Ar,562,0.255,Un,P28,Z
F,5,F5,1,1Ar,562,0.315,Un,P29,Z
G,5,G5,1,1Ar,562,0.616,Un,P30,Z
H,5,H5,1,1Ar,562,0.543,Un,P31,Z
A,6,A6,1,1Ar,562,0.699,Un,P32,Z
B,6,B6,1,1Ar,562,0.543,Un,P33,Z
C,6,C6,1,1Ar,562,0.829,Un,P34,Z
D,6,D6,1,1Ar,562,0.905,Un,P35,Z
E,6,E6,1,1Ar,562,0.62,Un,P36,Z
F,6,F6,1,1Ar,562,0.756,Un,P37,Z
G,6,G6,1,1Ar,562,1.015,Un,P38,Z
H,6,H6,1,1Ar,562,0.893,Un,P39,Z
A,7,A7,1,1Ar,562,0.92,Un,P40,Z
B,7,B7,1,1Ar,562,0.716,Un,P41,Z
C,7,C7,1,1Ar,562,0.762,Un,P42,Z
D,7,D7,1,1Ar,562,0.976,Un,P43,Z
E,7,E7,1,1Ar,562,0.52,Un,P44,Z
F,7,F7,1,1Ar,562,0.644,Un,P45,Z
G,7,G7,1,1Ar,562,0.345,Un,P46,Z
H,7,H7,1,1Ar,562,0.581,Un,P47,Z
A,8,A8,1,1Ar,562,0.773,Un,P48,Z
B,8,B8,1,1Ar,562,0.432,Un,P49,Z
C,8,C8,1,1Ar,562,0.304,Un,P50,Z
D,8,D8,1,1Ar,562,0.648,Un,P51,Z
E,8,E8,1,1Ar,562,0.638,Un,P52,Z
F,8,F8,1,1Ar,562,0.738,Un,P53,Z
G,8,G8,1,1Ar,562,0.822,Un,P54,Z
A,9,A9,1,1Ar,562,0.638,Un,P1,Z
B,9,B9,1,1Ar,562,0.384,Un,P2,Z
C,9,C9,1,1Ar,562,0.676,Un,P3,Z
D,9,D9,1,1Ar,562,0.756,Un,P4,Z
E,9,E9,1,1Ar,562,0.595,Un,P5,Z
F,9,F9,1,1Ar,562,0.633,Un,P6,Z
G,9,G9,1,1Ar,562,0.914,Un,P7,Z
H,9,H9,1,1Ar,562,0.483,Un,P8,Z
A,10,A10,1,1Ar,562,1.016,Un,P9,Z
B,10,B10,1,1Ar,562,0.818,Un,P10,Z
C,10,C10,1,1Ar,562,0.407,Un,P11,Z
D,10,D10,1,1Ar,562,0.866,Un,P12,Z
E,10,E10,1,1Ar,562,1.024,Un,P13,Z
F,10,F10,1,1Ar,562,0.777,Un,P14,Z
G,10,G10,1,1Ar,562,0.984,Un,P15,Z
H,10,H10,1,1Ar,562,1.017,Un,P16,Z
A,11,A11,1,1Ar,562,0.686,Un,P17,Z
B,11,B11,1,1Ar,562,0.711,Un,P18,Z
C,11,C11,1,1Ar,562,0.48,Un,P19,Z
D,11,D11,1,1Ar,562,0.582,Un,P20,Z
E,11,E11,1,1Ar,562,0.627,Un,P21,Z
F,11,F11,1,1Ar,562,0.909,Un,P22,Z
G,11,G11,1,1Ar,562,0.978,Un,P23,Z
H,11,H11,1,1Ar,562,0.938,Un,P24,Z
A,12,A12,1,1Ar,562,0.835,Un,P25,Z
B,12,B12,1,1Ar,562,0.366,Un,P26,Z
C,12,C12,1,1Ar,562,0.522,Un,P27,Z
A,1,A1,1,1B,562,3.453,Standard,Std_A,Z
C,1,C1,1,1B,562,1.251,Standard,Std_C,Z
D,1,D1,1,1B,562,0.972,Standard,Std_D,Z
E,1,E1,1,1B,562,0.686,Standard,Std_E,Z
F,1,F1,1,1B,562,0.386,Standard,Std_F,Z
G,1,G1,1,1B,562,0.237,Standard,Std_G,Z
H,1,H1,1,1B,562,0.121,Standard,Std_H,Z
A,2,A2,1,1B,562,0.058,Standard,Std_I,Z
B,2,B2,1,1B,562,0.589,Un,P1,Z
C,2,C2,1,1B,562,0.414,Un,P2,Z
D,2,D2,1,1B,562,0.692,Un,P3,Z
E,2,E2,1,1B,562,0.721,Un,P4,Z
F,2,F2,1,1B,562,0.695,Un,P5,Z
G,2,G2,1,1B,562,0.665,Un,P6,Z
H,2,H2,1,1B,562,0.888,Un,P7,Z
A,3,A3,1,1B,562,0.467,Un,P8,Z
B,3,B3,1,1B,562,1.033,Un,P9,Z
C,3,C3,1,1B,562,0.887,Un,P10,Z
D,3,D3,1,1B,562,0.369,Un,P11,Z
E,3,E3,1,1B,562,0.83,Un,P12,Z
F,3,F3,1,1B,562,0.992,Un,P13,Z
G,3,G3,1,1B,562,0.731,Un,P14,Z
H,3,H3,1,1B,562,1.017,Un,P15,Z
A,4,A4,1,1B,562,1.095,Un,P16,Z
B,4,B4,1,1B,562,0.769,Un,P17,Z
C,4,C4,1,1B,562,0.868,Un,P18,Z
D,4,D4,1,1B,562,0.456,Un,P19,Z
E,4,E4,1,1B,562,0.603,Un,P20,Z
F,4,F4,1,1B,562,0.719,Un,P21,Z
G,4,G4,1,1B,562,0.946,Un,P22,Z
H,4,H4,1,1B,562,1,Un,P23,Z
A,5,A5,1,1B,562,0.945,Un,P24,Z
B,5,B5,1,1B,562,0.895,Un,P25,Z
C,5,C5,1,1B,562,0.368,Un,P26,Z
D,5,D5,1,1B,562,0.568,Un,P27,Z
E,5,E5,1,1B,562,0.248,Un,P28,Z
F,5,F5,1,1B,562,0.381,Un,P29,Z
G,5,G5,1,1B,562,0.663,Un,P30,Z
H,5,H5,1,1B,562,0.689,Un,P31,Z
A,6,A6,1,1B,562,0.732,Un,P32,Z
B,6,B6,1,1B,562,0.601,Un,P33,Z
C,6,C6,1,1B,562,0.931,Un,P34,Z
D,6,D6,1,1B,562,0.984,Un,P35,Z
E,6,E6,1,1B,562,0.715,Un,P36,Z
F,6,F6,1,1B,562,0.867,Un,P37,Z
G,6,G6,1,1B,562,1.018,Un,P38,Z
H,6,H6,1,1B,562,0.901,Un,P39,Z
A,7,A7,1,1B,562,1.109,Un,P40,Z
B,7,B7,1,1B,562,0.875,Un,P41,Z
C,7,C7,1,1B,562,0.902,Un,P42,Z
D,7,D7,1,1B,562,1.068,Un,P43,Z
E,7,E7,1,1B,562,0.55,Un,P44,Z
F,7,F7,1,1B,562,0.814,Un,P45,Z
G,7,G7,1,1B,562,0.332,Un,P46,Z
H,7,H7,1,1B,562,0.642,Un,P47,Z
A,8,A8,1,1B,562,0.88,Un,P48,Z
B,8,B8,1,1B,562,0.558,Un,P49,Z
C,8,C8,1,1B,562,0.329,Un,P50,Z
D,8,D8,1,1B,562,0.746,Un,P51,Z
E,8,E8,1,1B,562,0.67,Un,P52,Z
F,8,F8,1,1B,562,0.754,Un,P53,Z
G,8,G8,1,1B,562,0.87,Un,P54,Z
A,9,A9,1,1B,562,0.267,Un,P28,Z
B,9,B9,1,1B,562,0.384,Un,P29,Z
C,9,C9,1,1B,562,0.663,Un,P30,Z
D,9,D9,1,1B,562,0.749,Un,P31,Z
E,9,E9,1,1B,562,0.77,Un,P32,Z
F,9,F9,1,1B,562,0.58,Un,P33,Z
G,9,G9,1,1B,562,0.886,Un,P34,Z
H,9,H9,1,1B,562,0.983,Un,P35,Z
A,10,A10,1,1B,562,0.661,Un,P36,Z
B,10,B10,1,1B,562,0.849,Un,P37,Z
C,10,C10,1,1B,562,1.041,Un,P38,Z
D,10,D10,1,1B,562,0.946,Un,P39,Z
E,10,E10,1,1B,562,1.004,Un,P40,Z
F,10,F10,1,1B,562,0.785,Un,P41,Z
G,10,G10,1,1B,562,0.888,Un,P42,Z
H,10,H10,1,1B,562,1.016,Un,P43,Z
A,11,A11,1,1B,562,0.54,Un,P44,Z
B,11,B11,1,1B,562,0.754,Un,P45,Z
C,11,C11,1,1B,562,0.374,Un,P46,Z
D,11,D11,1,1B,562,0.603,Un,P47,Z
E,11,E11,1,1B,562,0.711,Un,P48,Z
F,11,F11,1,1B,562,0.53,Un,P49,Z
G,11,G11,1,1B,562,0.349,Un,P50,Z
H,11,H11,1,1B,562,0.817,Un,P51,Z
A,12,A12,1,1B,562,0.648,Un,P52,Z
B,12,B12,1,1B,562,0.772,Un,P53,Z
C,12,C12,1,1B,562,0.94,Un,P54,Z
A,1,A1,2,2A,562,2.337,Standard,Std_A,Z
B,1,B1,2,2A,562,1.837,Standard,Std_B,Z
C,1,C1,2,2A,562,1.307,Standard,Std_C,Z
D,1,D1,2,2A,562,1.053,Standard,Std_D,Z
E,1,E1,2,2A,562,0.754,Standard,Std_E,Z
F,1,F1,2,2A,562,0.42,Standard,Std_F,Z
G,1,G1,2,2A,562,0.264,Standard,Std_G,Z
H,1,H1,2,2A,562,0.126,Standard,Std_H,Z
A,2,A2,2,2A,562,0.062,Standard,Std_I,Z
B,2,B2,2,2A,562,0.788,Un,P55,Z
C,2,C2,2,2A,562,1.132,Un,P56,Z
D,2,D2,2,2A,562,0.841,Un,P57,Z
E,2,E2,2,2A,562,0.858,Un,P58,Z
F,2,F2,2,2A,562,0.877,Un,P59,Z
G,2,G2,2,2A,562,1.124,Un,P60,Z
H,2,H2,2,2A,562,0.854,Un,P61,Z
A,3,A3,2,2A,562,1.538,Un,P62,Z
B,3,B3,2,2A,562,1.103,Un,P63,Z
C,3,C3,2,2A,562,0.808,Un,P64,Z
D,3,D3,2,2A,562,0.912,Un,P65,Z
E,3,E3,2,2A,562,1.042,Un,P66,Z
F,3,F3,2,2A,562,0.919,Un,P67,Z
G,3,G3,2,2A,562,0.73,Un,P68,Z
H,3,H3,2,2A,562,1.263,Un,P69,Z
A,4,A4,2,2A,562,1.191,Un,P70,Z
B,4,B4,2,2A,562,1.627,Un,P71,Z
C,4,C4,2,2A,562,1.029,Un,P72,Z
D,4,D4,2,2A,562,1.116,Un,P73,Z
E,4,E4,2,2A,562,1.077,Un,P74,Z
F,4,F4,2,2A,562,1.036,Un,P75,Z
G,4,G4,2,2A,562,1.232,Un,P76,Z
H,4,H4,2,2A,562,1.098,Un,P77,Z
A,5,A5,2,2A,562,0.922,Un,P78,Z
B,5,B5,2,2A,562,0.725,Un,P79,Z
C,5,C5,2,2A,562,0.813,Un,P80,Z
D,5,D5,2,2A,562,0.891,Un,P81,Z
E,5,E5,2,2A,562,0.879,Un,P82,Z
F,5,F5,2,2A,562,1.283,Un,P83,Z
G,5,G5,2,2A,562,0.616,Un,P84,Z
H,5,H5,2,2A,562,0.809,Un,P85,Z
A,6,A6,2,2A,562,1.364,Un,P87,Z
B,6,B6,2,2A,562,1.16,Un,P88,Z
C,6,C6,2,2A,562,0.828,Un,P89,Z
D,6,D6,2,2A,562,0.795,Un,P90,Z
E,6,E6,2,2A,562,0.797,Un,P91,Z
F,6,F6,2,2A,562,1.181,Un,P92,Z
G,6,G6,2,2A,562,0.941,Un,P93,Z
H,6,H6,2,2A,562,0.723,Un,P94,Z
A,7,A7,2,2A,562,0.429,Un,P95,Z
B,7,B7,2,2A,562,0.653,Un,P96,Z
C,7,C7,2,2A,562,0.697,Un,P97,Z
D,7,D7,2,2A,562,0.688,Un,P98,Z
E,7,E7,2,2A,562,0.759,Un,P99,Z
F,7,F7,2,2A,562,0.541,Un,P100,Z
G,7,G7,2,2A,562,0.697,Un,P101,Z
H,7,H7,2,2A,562,0.858,Un,P102,Z
A,8,A8,2,2A,562,0.849,Un,P103,Z
B,8,B8,2,2A,562,1.135,Un,P104,Z
C,8,C8,2,2A,562,1.025,Un,P105,Z
D,8,D8,2,2A,562,0.706,Un,P106,Z
E,8,E8,2,2A,562,0.855,Un,P107,Z
F,8,F8,2,2A,562,0.774,Un,P108,Z
A,9,A9,2,2A,562,0.724,Un,P55,Z
B,9,B9,2,2A,562,1.281,Un,P56,Z
C,9,C9,2,2A,562,0.829,Un,P57,Z
D,9,D9,2,2A,562,0.904,Un,P58,Z
E,9,E9,2,2A,562,0.972,Un,P59,Z
F,9,F9,2,2A,562,1.187,Un,P60,Z
G,9,G9,2,2A,562,0.751,Un,P61,Z
H,9,H9,2,2A,562,1.538,Un,P62,Z
A,10,A10,2,2A,562,0.953,Un,P63,Z
B,10,B10,2,2A,562,0.911,Un,P64,Z
C,10,C10,2,2A,562,0.98,Un,P65,Z
D,10,D10,2,2A,562,1.206,Un,P66,Z
E,10,E10,2,2A,562,1.144,Un,P67,Z
F,10,F10,2,2A,562,0.763,Un,P68,Z
G,10,G10,2,2A,562,1.37,Un,P69,Z
H,10,H10,2,2A,562,1.155,Un,P70,Z
A,11,A11,2,2A,562,1.344,Un,P71,Z
B,11,B11,2,2A,562,1.199,Un,P72,Z
C,11,C11,2,2A,562,1.281,Un,P73,Z
D,11,D11,2,2A,562,1.188,Un,P74,Z
E,11,E11,2,2A,562,1.079,Un,P75,Z
F,11,F11,2,2A,562,1.319,Un,P76,Z
G,11,G11,2,2A,562,1.231,Un,P77,Z
H,11,H11,2,2A,562,0.859,Un,P78,Z
A,12,A12,2,2A,562,0.686,Un,P79,Z
B,12,B12,2,2A,562,0.867,Un,P80,Z
C,12,C12,2,2A,562,0.958,Un,P81,Z
A,1,A1,2,2B,562,2.253,Standard,Std_A,Z
B,1,B1,2,2B,562,1.783,Standard,Std_B,Z
C,1,C1,2,2B,562,1.331,Standard,Std_C,Z
D,1,D1,2,2B,562,1.068,Standard,Std_D,Z
E,1,E1,2,2B,562,0.782,Standard,Std_E,Z
F,1,F1,2,2B,562,0.443,Standard,Std_F,Z
G,1,G1,2,2B,562,0.265,Standard,Std_G,Z
H,1,H1,2,2B,562,0.127,Standard,Std_H,Z
A,2,A2,2,2B,562,0.066,Standard,Std_I,Z
B,2,B2,2,2B,562,0.878,Un,P55,Z
C,2,C2,2,2B,562,1.222,Un,P56,Z
D,2,D2,2,2B,562,0.908,Un,P57,Z
E,2,E2,2,2B,562,0.859,Un,P58,Z
F,2,F2,2,2B,562,0.941,Un,P59,Z
G,2,G2,2,2B,562,1.225,Un,P60,Z
H,2,H2,2,2B,562,0.858,Un,P61,Z
A,3,A3,2,2B,562,1.745,Un,P62,Z
B,3,B3,2,2B,562,1.086,Un,P63,Z
C,3,C3,2,2B,562,0.753,Un,P64,Z
D,3,D3,2,2B,562,0.892,Un,P65,Z
E,3,E3,2,2B,562,1.046,Un,P66,Z
F,3,F3,2,2B,562,0.95,Un,P67,Z
G,3,G3,2,2B,562,0.819,Un,P68,Z
H,3,H3,2,2B,562,1.377,Un,P69,Z
A,4,A4,2,2B,562,1.26,Un,P70,Z
B,4,B4,2,2B,562,1.25,Un,P71,Z
C,4,C4,2,2B,562,1.015,Un,P72,Z
D,4,D4,2,2B,562,1.125,Un,P73,Z
E,4,E4,2,2B,562,1.152,Un,P74,Z
F,4,F4,2,2B,562,1.088,Un,P75,Z
G,4,G4,2,2B,562,1.238,Un,P76,Z
H,4,H4,2,2B,562,1.13,Un,P77,Z
A,5,A5,2,2B,562,0.788,Un,P78,Z
B,5,B5,2,2B,562,0.643,Un,P79,Z
C,5,C5,2,2B,562,0.789,Un,P80,Z
D,5,D5,2,2B,562,0.885,Un,P81,Z
E,5,E5,2,2B,562,0.819,Un,P82,Z
F,5,F5,2,2B,562,1.282,Un,P83,Z
G,5,G5,2,2B,562,0.651,Un,P84,Z
H,5,H5,2,2B,562,0.802,Un,P85,Z
A,6,A6,2,2B,562,1.44,Un,P87,Z
B,6,B6,2,2B,562,1.086,Un,P88,Z
C,6,C6,2,2B,562,0.812,Un,P89,Z
D,6,D6,2,2B,562,0.808,Un,P90,Z
E,6,E6,2,2B,562,0.902,Un,P91,Z
F,6,F6,2,2B,562,1.144,Un,P92,Z
G,6,G6,2,2B,562,0.901,Un,P93,Z
H,6,H6,2,2B,562,0.697,Un,P94,Z
A,7,A7,2,2B,562,0.455,Un,P95,Z
B,7,B7,2,2B,562,0.657,Un,P96,Z
C,7,C7,2,2B,562,0.808,Un,P97,Z
D,7,D7,2,2B,562,0.671,Un,P98,Z
E,7,E7,2,2B,562,0.81,Un,P99,Z
F,7,F7,2,2B,562,0.573,Un,P100,Z
G,7,G7,2,2B,562,0.633,Un,P101,Z
H,7,H7,2,2B,562,0.783,Un,P102,Z
A,8,A8,2,2B,562,1.004,Un,P103,Z
B,8,B8,2,2B,562,1.097,Un,P104,Z
C,8,C8,2,2B,562,1.068,Un,P105,Z
D,8,D8,2,2B,562,0.698,Un,P106,Z
E,8,E8,2,2B,562,0.832,Un,P107,Z
F,8,F8,2,2B,562,0.699,Un,P108,Z
A,9,A9,2,2B,562,0.749,Un,P82,Z
B,9,B9,2,2B,562,1.195,Un,P83,Z
C,9,C9,2,2B,562,0.623,Un,P84,Z
D,9,D9,2,2B,562,0.828,Un,P85,Z
E,9,E9,2,2B,562,1.442,Un,P87,Z
F,9,F9,2,2B,562,1.294,Un,P88,Z
G,9,G9,2,2B,562,0.862,Un,P89,Z
H,9,H9,2,2B,562,0.774,Un,P90,Z
A,10,A10,2,2B,562,0.977,Un,P91,Z
B,10,B10,2,2B,562,1.111,Un,P92,Z
C,10,C10,2,2B,562,0.93,Un,P93,Z
D,10,D10,2,2B,562,0.812,Un,P94,Z
E,10,E10,2,2B,562,0.505,Un,P95,Z
F,10,F10,2,2B,562,0.678,Un,P96,Z
G,10,G10,2,2B,562,0.903,Un,P97,Z
H,10,H10,2,2B,562,0.711,Un,P98,Z
A,11,A11,2,2B,562,0.814,Un,P99,Z
B,11,B11,2,2B,562,0.637,Un,P100,Z
C,11,C11,2,2B,562,0.652,Un,P101,Z
D,11,D11,2,2B,562,0.99,Un,P102,Z
E,11,E11,2,2B,562,0.948,Un,P103,Z
F,11,F11,2,2B,562,0.981,Un,P104,Z
G,11,G11,2,2B,562,0.927,Un,P105,Z
H,11,H11,2,2B,562,0.66,Un,P106,Z
A,12,A12,2,2B,562,0.819,Un,P107,Z
B,12,B12,2,2B,562,0.688,Un,P108,Z
